label,nis,gemeente,wm_id,afstand,tweede_wm_id,tweede_afstand,x,y
Hoogstraten,13014,Hoogstraten,wm-de-noorderkempen,0.0,kanvaz,3.0,1078,518
Essen,11016,Essen,de-voorkempen-h-e,1.1,zetus,2.0,945,523
Baarle-Hertog,13002,Baarle-Hertog,woonschakel-berg-en-nete,7.0,woonpunt-zennevallei,7.8,1143,542
Ravels,13035,Ravels,wm-de-noorderkempen,0.0,kanvaz,3.0,1215,550
Wuustwezel,11053,Wuustwezel,de-voorkempen-h-e,1.1,zetus,2.0,1003,561
Kalmthout,11022,Kalmthout,de-voorkempen-h-e,1.1,zetus,2.0,937,566
Merksplas,13023,Merksplas,wm-de-noorderkempen,0.0,kanvaz,3.0,1138,582
Rijkevorsel,13037,Rijkevorsel,wm-de-noorderkempen,0.0,kanvaz,3.0,1085,592
Brecht,11009,Brecht,de-voorkempen-h-e,1.1,zetus,2.0,1026,605
Stabroek,11044,Stabroek,de-voorkempen-h-e,1.1,zetus,2.0,895,605
Arendonk,13001,Arendonk,wm-de-noorderkempen,0.0,kanvaz,3.0,1240,606
Kapellen,11023,Kapellen,de-voorkempen-h-e,1.1,zetus,2.0,933,608
Knokke-Heist,31043,Knokke-Heist,zetus,0.9,de-voorkempen-h-e,2.6,373,610
Turnhout,13040,Turnhout,woonboog,0.0,dimensa-wm,8.5,1166,611
Oud-Turnhout,13031,Oud-Turnhout,woonboog,0.0,dimensa-wm,8.5,1201,620
Beerse,13004,Beerse,woonboog,0.0,dimensa-wm,8.5,1120,621
Blanken-berge,31004,Blankenberge,zetus,0.9,de-voorkempen-h-e,2.6,302,625
Brasschaat,11008,Brasschaat,de-voorkempen-h-e,1.1,zetus,2.0,961,627
Vosselaar,13046,Vosselaar,woonboog,0.0,dimensa-wm,8.5,1140,632
Malle,11057,Malle,de-voorkempen-h-e,1.1,zetus,2.0,1067,636
Retie,13036,Retie,woonboog,0.0,dimensa-wm,8.5,1245,656
Hamont-Achel,72037,Hamont-Achel,wonen-in-limburg-wil,0.0,wm-rivierenland,7.2,1444,657
Mol,13025,Mol,woonboog,0.0,dimensa-wm,8.5,1304,659
Sint-Laureins,43014,Sint-Laureins,wm-meetjesland,0.0,ons-onderdak,2.3,511,662
De Haan,35029,De Haan,zetus,0.9,de-voorkempen-h-e,2.6,251,663
Zuienkerke,31042,Zuienkerke,zetus,0.9,de-voorkempen-h-e,2.6,294,666
Schoten,11040,Schoten,de-voorkempen-h-e,1.1,zetus,2.0,961,667
Zoersel,11055,Zoersel,de-voorkempen-h-e,1.1,zetus,2.0,1045,668
Lille,13019,Lille,woonboog,0.0,dimensa-wm,8.5,1126,669
Damme,31006,Damme,vivendo,0.0,woonst,6.0,392,671
Schilde,11039,Schilde,de-voorkempen-h-e,1.1,zetus,2.0,998,672
Bredene,35002,Bredene,woonsprong,1.8,wm-meetjesland,6.8,220,674
Dessel,13006,Dessel,woonboog,0.0,dimensa-wm,8.5,1267,677
Sint-Gillis-Waas,46020,Sint-Gillis-Waas,woonpunt-waas,0.4,woonstart,8.4,781,678
Kasterlee,13017,Kasterlee,woonboog,0.0,dimensa-wm,8.5,1173,680
Antwerpen,11002,Antwerpen,woonhaven-antwerpen,0.0,wm-dender-zuid,10.2,908,680
Beveren-Kruibeke-Zwijndrecht,46030,Beveren-Kruibeke-Zwijndrecht,woonpunt-waas,0.4,woonstart,8.4,825,685
Wijnegem,11050,Wijnegem,de-voorkempen-h-e,1.1,zetus,2.0,960,689
Assenede,43002,Assenede,wm-meetjesland,0.0,ons-onderdak,2.3,581,691
Lommel,72020,Lommel,wonen-in-limburg-wil,0.0,wm-rivierenland,7.2,1349,692
Pelt,72043,Pelt,wonen-in-limburg-wil,0.0,wm-rivierenland,7.2,1417,695
Vorselaar,13044,Vorselaar,leefgoed,0.0,woonsprong,9.3,1085,696
Kaprijke,43007,Kaprijke,wm-meetjesland,0.0,ons-onderdak,2.3,536,696
Oostende,35013,Oostende,woonsprong,1.8,wm-meetjesland,6.8,193,698
Brugge,31005,Brugge,vivendo,0.0,woonst,6.0,341,698
Zandhoven,11054,Zandhoven,de-voorkempen-h-e,1.1,zetus,2.0,1041,706
Stekene,46024,Stekene,woonpunt-waas,0.4,woonstart,8.4,730,707
Wommelgem,11052,Wommelgem,de-voorkempen-h-e,1.1,zetus,2.0,956,708
Zelzate,43018,Zelzate,wm-meetjesland,0.0,ons-onderdak,2.3,626,713
Bocholt,72003,Bocholt,wonen-in-limburg-wil,0.0,wm-rivierenland,7.2,1479,714
Maldegem,43010,Maldegem,wm-meetjesland,0.0,ons-onderdak,2.3,449,714
Ouden-burg,35014,Oudenburg,woonsprong,1.8,wm-meetjesland,6.8,238,717
Eeklo,43005,Eeklo,wm-meetjesland,0.0,ons-onderdak,2.3,510,717
Jabbeke,31012,Jabbeke,vivendo,0.0,woonst,6.0,277,717
Ranst,11035,Ranst,de-voorkempen-h-e,1.1,zetus,2.0,1005,719
Grobben-donk,13010,Grobbendonk,leefgoed,0.0,woonsprong,9.3,1072,725
Herentals,13011,Herentals,leefgoed,0.0,woonsprong,9.3,1117,732
Mortsel,11029,Mortsel,thuisrand,0.3,wm-meetjesland,5.0,942,734
Boechout,11004,Boechout,thuisrand,0.3,wm-meetjesland,5.0,971,734
Middelkerke,35011,Middelkerke,woonsprong,1.8,wm-meetjesland,6.8,148,736
Geel,13008,Geel,leefgoed,0.0,woonsprong,9.3,1201,738
Olen,13029,Olen,leefgoed,0.0,woonsprong,9.3,1157,743
Sint-Niklaas,46021,Sint-Niklaas,woonst,0.9,vivendo,5.2,764,744
Gistel,35005,Gistel,woonsprong,1.8,wm-meetjesland,6.8,214,744
Balen,13003,Balen,woonboog,0.0,dimensa-wm,8.5,1294,744
Edegem,11013,Edegem,thuisrand,0.3,wm-meetjesland,5.0,927,748
Beernem,31003,Beernem,vivendo,0.0,woonst,6.0,398,748
Nijlen,12026,Nijlen,woonschakel-berg-en-nete,0.0,mpuls-menen-wervik,10.5,1043,748
Bree,72004,Bree,wonen-in-limburg-wil,0.0,wm-rivierenland,7.2,1519,751
Kinrooi,72018,Kinrooi,wonen-in-limburg-wil,0.0,wm-rivierenland,7.2,1581,753
Hove,11021,Hove,thuisrand,0.3,wm-meetjesland,5.0,956,754
Hechtel-Eksel,72038,Hechtel-Eksel,wonen-in-limburg-wil,0.0,wm-rivierenland,7.2,1359,756
Evergem,44019,Evergem,wm-meetjesland,0.0,ons-onderdak,2.3,574,756
Hemiksem,11018,Hemiksem,woonpunt-zennevallei,6.7,woonschakel-berg-en-nete,10.1,875,756
Herenthout,13012,Herenthout,leefgoed,0.0,woonsprong,9.3,1080,759
Ichtegem,35006,Ichtegem,woonsprong,1.8,wm-meetjesland,6.8,241,762
Aartselaar,11001,Aartselaar,thuisrand,0.3,wm-meetjesland,5.0,905,762
Peer,72030,Peer,wonen-in-limburg-wil,0.0,wm-rivierenland,7.2,1430,762
Lokeren,46029,Lokeren,tuinwijk,0.0,thuiswest,6.5,691,763
Temse,46025,Temse,woonst,0.9,vivendo,5.2,818,766
Lievegem,44085,Lievegem,dimensa-wm,0.9,woonboog,7.7,512,768
Zedelgem,31040,Zedelgem,vivendo,0.0,woonst,6.0,289,769
Nieuw-poort,38016,Nieuwpoort,wm-ijzer-en-zee,0.0,stek-92,6.1,127,769
Meerhout,13021,Meerhout,leefgoed,0.0,woonsprong,9.3,1237,770
Lint,11025,Lint,thuisrand,0.3,wm-meetjesland,5.0,966,770
Koksijde,38014,Koksijde,wm-ijzer-en-zee,0.0,stek-92,6.1,72,770
Lier,12021,Lier,woonstroom,1.1,sw,6.9,1005,771
Lochristi,44087,Lochristi,woonpijler,1.3,wm-rivierenland,5.9,646,772
Kontich,11024,Kontich,thuisrand,0.3,wm-meetjesland,5.0,936,772
Schelle,11038,Schelle,woonkade-rupelstreek,1.3,providentia,10.9,885,773
Waasmunster,42023,Waasmunster,tuinwijk,0.0,thuiswest,6.5,745,774
Oostkamp,31022,Oostkamp,vivendo,0.0,woonst,6.0,340,775
Leopoldsburg,71034,Leopoldsburg,wonen-in-limburg-wil,0.0,wm-rivierenland,7.2,1315,778
Berlaar,12002,Berlaar,woonschakel-berg-en-nete,0.0,mpuls-menen-wervik,10.5,1038,784
Maaseik,72021,Maaseik,wonen-in-limburg-wil,0.0,wm-rivierenland,7.2,1560,784
Niel,11030,Niel,woonkade-rupelstreek,1.3,providentia,10.9,884,785
De Panne,38008,De Panne,wm-ijzer-en-zee,0.0,stek-92,6.1,33,785
Westerlo,13049,Westerlo,leefgoed,0.0,woonsprong,9.3,1144,786
Koeke-lare,32010,Koekelare,wm-ijzer-en-zee,0.0,stek-92,6.1,217,789
Bornem,12007,Bornem,woonveer-klein-brabant,1.0,wm-elan,10.6,835,792
Aalter,44084,Aalter,dimensa-wm,0.9,woonboog,7.7,450,793
Boom,11005,Boom,woonkade-rupelstreek,1.3,providentia,10.9,901,794
Duffel,12009,Duffel,woonstroom,1.1,sw,6.9,962,796
Rumst,11037,Rumst,woonkade-rupelstreek,1.3,providentia,10.9,931,800
Laakdal,13053,Laakdal,leefgoed,0.0,woonsprong,9.3,1207,800
Heist-op-den-Berg,12014,Heist-op-den-Berg,woonschakel-berg-en-nete,0.0,mpuls-menen-wervik,10.5,1073,801
Hamme,42008,Hamme,de-thuisbouwer,1.0,woonsprong,8.8,784,806
Oudsbergen,72042,Oudsbergen,wonen-in-limburg-wil,0.0,wm-rivierenland,7.2,1469,806
Wingene,37021,Wingene,woonstart,1.1,woonpunt-waas,9.4,369,812
Beringen,71004,Beringen,wonen-in-limburg-wil,0.0,wm-rivierenland,7.2,1318,813
Hulshout,13016,Hulshout,leefgoed,0.0,woonsprong,9.3,1108,813
Zele,42028,Zele,de-thuisbouwer,1.0,woonsprong,8.8,740,815
Puurs-Sint-Amands,12041,Puurs-Sint-Amands,woonveer-klein-brabant,1.0,wm-elan,10.6,847,815
Tessenderlo-Ham,71071,Tessenderlo-Ham,wonen-in-limburg-wil,0.0,wm-rivierenland,7.2,1230,815
Sint-Katelijne-Waver,12035,Sint-Katelijne-Waver,woonstroom,1.1,sw,6.9,970,816
Wille-broek,12040,Willebroek,wm-rivierenland,0.6,woonpijler,4.4,900,816
Torhout,31033,Torhout,thuiswest,1.0,wm-dender-zuid,7.2,275,816
Destel -bergen,44013,Destelbergen,dimensa-wm,0.9,woonboog,7.7,622,817
Diksmuide,32003,Diksmuide,wm-ijzer-en-zee,0.0,stek-92,6.1,156,825
Veurne,38025,Veurne,wm-ijzer-en-zee,0.0,stek-92,6.1,63,826
Houthalen-Helchteren,72039,Houthalen-Helchteren,wonen-in-limburg-wil,0.0,wm-rivierenland,7.2,1392,826
Gent,44021,Gent,thuispunt-gent,0.0,dijledal,9.4,576,826
Putte,12029,Putte,woonschakel-berg-en-nete,0.0,mpuls-menen-wervik,10.5,1033,826
Dilsen-Stokkem,72041,Dilsen-Stokkem,wonen-in-limburg-wil,0.0,wm-rivierenland,7.2,1551,827
Herselt,13013,Herselt,leefgoed,0.0,woonsprong,9.3,1149,831
Laarne,42010,Laarne,woonpijler,1.3,wm-rivierenland,5.9,659,835
Berlare,42003,Berlare,stek-92,2.1,wm-ijzer-en-zee,5.3,705,838
Kortemark,32011,Kortemark,wm-ijzer-en-zee,0.0,stek-92,6.1,225,841
Dendermonde,42006,Dendermonde,stek-92,2.1,wm-ijzer-en-zee,5.3,758,841
Lichtervelde,36011,Lichtervelde,thuiswest,1.0,wm-dender-zuid,7.2,294,845
Heusden-Zolder,71070,Heusden-Zolder,wonen-in-limburg-wil,0.0,wm-rivierenland,7.2,1343,845
Mechelen,12025,Mechelen,wm-rivierenland,0.6,woonpijler,4.4,931,845
Sint-Martens-Latem,44064,Sint-Martens-Latem,dimensa-wm,0.9,woonboog,7.7,532,848
Begijnen -dijk,24007,Begijnendijk,kanvaz,0.0,wm-de-noorderkempen,3.0,1097,849
Bonheiden,12005,Bonheiden,woonstroom,1.1,sw,6.9,993,851
Buggen-hout,42004,Buggenhout,stek-92,2.1,wm-ijzer-en-zee,5.3,810,854
Scherpen-heuvel-Zichem,24134,Scherpenheuvel-Zichem,kanvaz,0.0,wm-de-noorderkempen,3.0,1184,854
Deinze,44083,Deinze,dimensa-wm,0.9,woonboog,7.7,491,858
As,71002,As,wonen-in-limburg-wil,0.0,wm-rivierenland,7.2,1494,858
Kapelle-op-den-Bos,23039,Kapelle-op-den-Bos,het-vlaamse-woonanker,0.0,kanvaz,9.7,891,859
Londerzeel,23045,Londerzeel,het-vlaamse-woonanker,0.0,kanvaz,9.7,848,862
Keerbergen,24048,Keerbergen,woontrots,0.0,wonen-in-limburg-wil,8.6,1029,863
Pittem,37011,Pittem,woonstart,1.1,woonpunt-waas,9.4,359,863
Diest,24020,Diest,kanvaz,0.0,wm-de-noorderkempen,3.0,1240,866
Tremelo,24109,Tremelo,kanvaz,0.0,wm-de-noorderkempen,3.0,1075,867
Tielt,37022,Tielt,woonstart,1.1,woonpunt-waas,9.4,404,868
Alveringem,38002,Alveringem,wm-ijzer-en-zee,0.0,stek-92,6.1,57,870
Wetteren,42025,Wetteren,woonpijler,1.3,wm-rivierenland,5.9,653,870
Lummen,71037,Lummen,wonen-in-limburg-wil,0.0,wm-rivierenland,7.2,1292,870
Zonhoven,71066,Zonhoven,wonen-in-limburg-wil,0.0,wm-rivierenland,7.2,1386,870
Hooglede,36006,Hooglede,thuiswest,1.0,wm-dender-zuid,7.2,267,870
Wichelen,42026,Wichelen,wm-dender-zuid,0.4,thuiswest,6.8,692,871
Merelbeke -Melle,44088,Merelbeke-Melle,dimensa-wm,0.9,woonboog,7.7,597,871
Lebbeke,42011,Lebbeke,stek-92,2.1,wm-ijzer-en-zee,5.3,774,874
Aarschot,24001,Aarschot,kanvaz,0.0,wm-de-noorderkempen,3.0,1133,878
Lo-Reninge,32030,Lo-Reninge,wm-ijzer-en-zee,0.0,stek-92,6.1,106,882
Boortmeerbeek,24014,Boortmeerbeek,woontrots,0.0,wonen-in-limburg-wil,8.6,976,882
Nazareth-,44086,Nazareth-De Pinte,dimensa-wm,0.9,woonboog,7.7,537,884
Ardooie,37020,Ardooie,thuiswest,1.0,wm-dender-zuid,7.2,329,884
Zemst,23096,Zemst,het-vlaamse-woonanker,0.0,kanvaz,9.7,946,886
Maasmechelen,73107,Maasmechelen,wonen-in-limburg-wil,0.0,wm-rivierenland,7.2,1517,887
Houthulst,32006,Houthulst,wm-ijzer-en-zee,0.0,stek-92,6.1,177,888
Genk,71016,Genk,wonen-in-limburg-wil,0.0,wm-rivierenland,7.2,1451,889
Denter -gem,37002,Dentergem,wm-vivus,0.0,inter-vilvoordse-mij-voor-huisvesting,6.4,422,889
De Pinte,44086,Nazareth-De Pinte,dimensa-wm,0.9,woonboog,7.7,540,893
Meise,23050,Meise,het-vlaamse-woonanker,0.0,kanvaz,9.7,874,895
Haacht,24033,Haacht,woontrots,0.0,wonen-in-limburg-wil,8.6,1030,895
Opwijk,23060,Opwijk,providentia,0.8,woonst,6.1,806,896
Lede,41034,Lede,wm-dender-zuid,0.4,thuiswest,6.8,693,896
Rotselaar,24094,Rotselaar,kanvaz,0.0,wm-de-noorderkempen,3.0,1070,898
Staden,36019,Staden,thuiswest,1.0,wm-dender-zuid,7.2,240,902
Herk-de-Stad,71024,Herk-de-Stad,wonen-in-limburg-wil,0.0,wm-rivierenland,7.2,1294,903
Grim-bergen,23025,Grimbergen,het-vlaamse-woonanker,0.0,kanvaz,9.7,906,904
Merchtem,23052,Merchtem,providentia,0.8,woonst,6.1,838,904
Ooster-zele,44052,Oosterzele,wm-vlaamse-ardennen,1.1,thuispunt-gent,13.3,617,908
Roeselare,36015,Roeselare,thuiswest,1.0,wm-dender-zuid,7.2,288,908
Sint-Lievens-Houtem,41063,Sint-Lievens-Houtem,wm-vlaamse-ardennen,1.1,thuispunt-gent,13.3,654,908
Zuten-daal,71067,Zutendaal,wonen-in-limburg-wil,0.0,wm-rivierenland,7.2,1487,909
Aalst,41002,Aalst,wm-dender-zuid,0.4,thuiswest,6.8,751,910
Oost-rozebeke,37010,Oostrozebeke,wm-vivus,0.0,inter-vilvoordse-mij-voor-huisvesting,6.4,397,910
Halen,71020,Halen,wonen-in-limburg-wil,0.0,wm-rivierenland,7.2,1251,911
Kampenhout,23038,Kampenhout,het-vlaamse-woonanker,0.0,kanvaz,9.7,984,911
Zulte,44081,Zulte,dimensa-wm,0.9,woonboog,7.7,469,912
Bekkevoort,24008,Bekkevoort,kanvaz,0.0,wm-de-noorderkempen,3.0,1195,912
Vilvoorde,23088,Vilvoorde,inter-vilvoordse-mij-voor-huisvesting,2.3,wm-vivus,7.9,934,915
Ingel-munster,36007,Ingelmunster,thuiswest,1.0,wm-dender-zuid,7.2,354,916
Langemark-Poelkapelle,33040,Langemark-Poelkapelle,thuiswest,1.0,wm-dender-zuid,7.2,187,920
Tielt-Winge,24135,Tielt-Winge,kanvaz,0.0,wm-de-noorderkempen,3.0,1152,921
Gavere,44020,Gavere,dimensa-wm,0.9,woonboog,7.7,563,921
Erpe-Mere,41082,Erpe-Mere,wm-dender-zuid,0.4,thuiswest,6.8,699,922
Hasselt,71072,Hasselt,wonen-in-limburg-wil,0.0,wm-rivierenland,7.2,1361,923
Diepenbeek,71011,Diepenbeek,wonen-in-limburg-wil,0.0,wm-rivierenland,7.2,1405,923
Holsbeek,24043,Holsbeek,kanvaz,0.0,wm-de-noorderkempen,3.0,1100,926
Steen-okkerzeel,23081,Steenokkerzeel,het-vlaamse-woonanker,0.0,kanvaz,9.7,955,927
Izegem,36008,Izegem,thuiswest,1.0,wm-dender-zuid,7.2,331,932
Wielsbeke,37017,Wielsbeke,wm-vivus,0.0,inter-vilvoordse-mij-voor-huisvesting,6.4,407,933
Vleteren,33041,Vleteren,thuiswest,1.0,wm-dender-zuid,7.2,96,935
Kruisem,45068,Kruisem,wm-vlaamse-ardennen,1.1,thuispunt-gent,13.3,493,936
Asse,23002,Asse,providentia,0.8,woonst,6.1,824,938
Herent,24038,Herent,woontrots,0.0,wonen-in-limburg-wil,8.6,1035,938
Lanaken,73042,Lanaken,wonen-in-limburg-wil,0.0,wm-rivierenland,7.2,1523,938
Wemmel,23102,Wemmel,providentia,0.8,woonst,6.1,860,942
Kortenaken,24054,Kortenaken,kanvaz,0.0,wm-de-noorderkempen,3.0,1210,943
Geetbets,24028,Geetbets,kanvaz,0.0,wm-de-noorderkempen,3.0,1267,944
Affligem,23105,Affligem,providentia,0.8,woonst,6.1,771,947
Moorslede,36012,Moorslede,thuiswest,1.0,wm-dender-zuid,7.2,258,949
Machelen,23047,Machelen,inter-vilvoordse-mij-voor-huisvesting,2.2,wm-vivus,7.8,928,950
Lendelede,34025,Lendelede,wm-vivus,0.0,inter-vilvoordse-mij-voor-huisvesting,6.4,337,951
Dender-leeuw,41011,Denderleeuw,wm-dender-zuid,0.4,thuiswest,6.8,743,952
Harel-beke,34013,Harelbeke,wm-vivus,0.0,inter-vilvoordse-mij-voor-huisvesting,6.4,377,952
Nieuwerkerken,71045,Nieuwerkerken,wonen-in-limburg-wil,0.0,wm-rivierenland,7.2,1289,954
Waregem,34040,Waregem,wm-vivus,0.0,inter-vilvoordse-mij-voor-huisvesting,6.4,422,955
Haaltert,41024,Haaltert,wm-dender-zuid,0.4,thuiswest,6.8,712,955
Kortenberg,24055,Kortenberg,woontrots,0.0,wonen-in-limburg-wil,8.6,986,956
Lubbeek,24066,Lubbeek,kanvaz,0.0,wm-de-noorderkempen,3.0,1120,957
Ledegem,36010,Ledegem,thuiswest,1.0,wm-dender-zuid,7.2,296,960
Alken,73001,Alken,wonen-in-limburg-wil,0.0,wm-rivierenland,7.2,1351,960
Zwalm,45065,Zwalm,wm-vlaamse-ardennen,1.1,thuispunt-gent,13.3,582,962
Zaventem,23094,Zaventem,woontrots,0.0,wonen-in-limburg-wil,8.6,950,965
Leuven,24062,Leuven,dijledal,1.7,sw,6.1,1062,965
Zottegem,41081,Zottegem,wm-vlaamse-ardennen,1.1,thuispunt-gent,13.3,620,967
Glabbeek,24137,Glabbeek,kanvaz,0.0,wm-de-noorderkempen,3.0,1174,967
Bilzen-Hoeselt,73110,Bilzen-Hoeselt,wonen-in-limburg-wil,0.0,wm-rivierenland,7.2,1449,968
Poperinge,33021,Poperinge,thuiswest,1.0,wm-dender-zuid,7.2,69,969
Ternat,23086,Ternat,providentia,0.8,woonst,6.1,796,970
Zonnebeke,33037,Zonnebeke,thuiswest,1.0,wm-dender-zuid,7.2,224,970
Oudenaarde,45035,Oudenaarde,wm-vlaamse-ardennen,1.1,thuispunt-gent,13.3,528,972
Herzele,41027,Herzele,wm-vlaamse-ardennen,1.1,thuispunt-gent,13.3,668,973
Wortegem-Petegem,45061,Wortegem-Petegem,wm-vlaamse-ardennen,1.1,thuispunt-gent,13.3,479,974
Liedekerke,23044,Liedekerke,providentia,0.8,woonst,6.1,752,974
Ieper,33011,Ieper,ons-onderdak,0.0,wm-meetjesland,2.3,165,975
Kuurne,34023,Kuurne,wm-elan,0.0,wm-ijzer-en-zee,8.4,360,976
Kraainem,23099,Kraainem,woontrots,2.4,wonen-in-limburg-wil,7.6,930,978
Bertem,24009,Bertem,woontrots,0.0,wonen-in-limburg-wil,8.6,1013,981
Dilbeek,23016,Dilbeek,providentia,0.8,woonst,6.1,835,982
Deerlijk,34009,Deerlijk,wm-vivus,0.0,inter-vilvoordse-mij-voor-huisvesting,6.4,404,982
Boutersem,24016,Boutersem,dijledal,1.7,sw,6.1,1127,986
Zout-leeuw,24130,Zoutleeuw,kanvaz,0.0,wm-de-noorderkempen,3.0,1260,986
Wellen,73098,Wellen,wonen-in-limburg-wil,0.0,wm-rivierenland,7.2,1365,987
Hore-beke,45062,Horebeke,wm-vlaamse-ardennen,1.1,thuispunt-gent,13.3,568,987
Wevelgem,34041,Wevelgem,sw,0.4,woonstroom,5.6,303,990
Wezembeek-Oppem,23103,Wezembeek-Oppem,woontrots,1.3,wonen-in-limburg-wil,7.7,921,990
Roosdaal,23097,Roosdaal,providentia,0.8,woonst,6.1,758,990
Bier-beek,24011,Bierbeek,dijledal,1.7,sw,6.1,1098,992
Anzegem,34002,Anzegem,wm-vivus,0.0,inter-vilvoordse-mij-voor-huisvesting,6.4,445,996
Ninove,41048,Ninove,wm-dender-zuid,0.4,thuiswest,6.8,720,1003
Sint-Truiden,71053,Sint-Truiden,wonen-in-limburg-wil,0.0,wm-rivierenland,7.2,1297,1005
Tervuren,24104,Tervuren,woontrots,0.0,wonen-in-limburg-wil,8.6,975,1007
Oud-Heverlee,24086,Oud-Heverlee,dijledal,1.7,sw,6.1,1044,1008
Wervik,33029,Wervik,mpuls-menen-wervik,0.0,dimensa-wm,10.5,253,1009
Lennik,23104,Lennik,providentia,0.8,woonst,6.1,799,1011
Linter,24133,Linter,kanvaz,0.0,wm-de-noorderkempen,3.0,1229,1012
Riemst,73066,Riemst,wonen-in-limburg-wil,0.0,wm-rivierenland,7.2,1498,1015
Tienen,24107,Tienen,kanvaz,0.0,wm-de-noorderkempen,3.0,1177,1015
Lierde,45063,Lierde,wm-vlaamse-ardennen,1.1,thuispunt-gent,13.3,639,1017
Brakel,45059,Brakel,wm-vlaamse-ardennen,1.1,thuispunt-gent,13.3,594,1019
Sint-Pieters-Leeuw,23077,Sint-Pieters-Leeuw,woonpunt-zennevallei,0.0,dimensa-wm,14.0,834,1019
Drogenbos,23098,Drogenbos,woonschakel-berg-en-nete,4.8,leefgoed,13.2,867,1022
Kortrijk,34022,Kortrijk,sw,0.4,woonstroom,5.6,356,1023
Maarkedal,45064,Maarkedal,wm-vlaamse-ardennen,1.1,thuispunt-gent,13.3,537,1024
Geraards-bergen,41018,Geraardsbergen,wm-dender-zuid,0.4,thuiswest,6.8,671,1027
Huldenberg,24045,Huldenberg,woontrots,0.0,wonen-in-limburg-wil,8.6,1006,1028
Zwevegem,34042,Zwevegem,wm-elan,0.0,wm-ijzer-en-zee,8.4,405,1028
Menen,34027,Menen,mpuls-menen-wervik,0.0,dimensa-wm,10.5,317,1028
Tongeren-Borgloon,73111,Tongeren-Borgloon,wonen-in-limburg-wil,0.0,wm-rivierenland,7.2,1407,1030
Avelgem,34003,Avelgem,wm-elan,0.0,wm-ijzer-en-zee,8.4,448,1033
Heuvelland,33039,Heuvelland,ons-onderdak,0.0,wm-meetjesland,2.3,138,1033
Hoegaarden,24041,Hoegaarden,kanvaz,0.0,wm-de-noorderkempen,3.0,1133,1034
Kluisbergen,45060,Kluisbergen,wm-vlaamse-ardennen,1.1,thuispunt-gent,13.3,481,1036
Linkebeek,23100,Linkebeek,woonschakel-berg-en-nete,5.9,woonpunt-zennevallei,9.1,889,1041
Overijse,23062,Overijse,woontrots,0.0,wonen-in-limburg-wil,8.6,979,1043
Hoeilaart,23033,Hoeilaart,woontrots,0.0,wonen-in-limburg-wil,8.6,937,1051
Sint-Genesius-Rode,23101,Sint-Genesius-Rode,woonpunt-zennevallei,0.0,dimensa-wm,14.0,900,1054
Mesen,33016,Mesen,woonsprong,9.1,leefgoed,10.5,183,1054
Heers,73022,Heers,wonen-in-limburg-wil,0.0,wm-rivierenland,7.2,1362,1055
Landen,24059,Landen,kanvaz,0.0,wm-de-noorderkempen,3.0,1238,1057
Ronse,45041,Ronse,wm-vlaamse-ardennen,1.1,thuispunt-gent,13.3,527,1061
Pajottegem,23106,Pajottegem,providentia,0.8,woonst,6.1,727,1061
Beersel,23003,Beersel,woonpunt-zennevallei,0.0,dimensa-wm,14.0,863,1061
Voeren,73109,Voeren,wonen-in-limburg-wil,0.0,wm-rivierenland,7.2,1623,1062
Pepingen,23064,Pepingen,woonpunt-zennevallei,0.0,dimensa-wm,14.0,785,1069
Gingelom,71017,Gingelom,wonen-in-limburg-wil,0.0,wm-rivierenland,7.2,1287,1069
Halle,23027,Halle,woonpunt-zennevallei,0.0,dimensa-wm,14.0,836,1081
Spiere-Helkijn,34043,Spiere-Helkijn,wm-elan,0.0,wm-ijzer-en-zee,8.4,400,1082
Bever,23009,Bever,providentia,0.8,woonst,6.1,689,1092
