period_end,period_year,period_month,period_label,period_short,hoofdberoepsgroep,vacatures
2017-12-31,2017,12,januari 2017 - december 2017,Dec 2017,Bouwberoepen,11399
2017-12-31,2017,12,januari 2017 - december 2017,Dec 2017,Industriële beroepen en ambachten,4526
2017-12-31,2017,12,januari 2017 - december 2017,Dec 2017,Organisatieondersteunende en kennisberoepen,1449
2017-12-31,2017,12,januari 2017 - december 2017,Dec 2017,Transport- en logistieke beroepen,803
2017-12-31,2017,12,januari 2017 - december 2017,Dec 2017,Handels- en verkoopberoepen,489
2017-12-31,2017,12,januari 2017 - december 2017,Dec 2017,Dienstverlenende beroepen,186
2017-12-31,2017,12,januari 2017 - december 2017,Dec 2017,"Land-, tuin- en bosbouw- en visserijberoepen",97
2017-12-31,2017,12,januari 2017 - december 2017,Dec 2017,Horecaberoepen,16
2017-12-31,2017,12,januari 2017 - december 2017,Dec 2017,Pedagogische beroepen,4
2017-12-31,2017,12,januari 2017 - december 2017,Dec 2017,Vrijetijds- en artistieke beroepen,4
2017-12-31,2017,12,januari 2017 - december 2017,Dec 2017,"Medische, paramedische en verzorgende beroepen",0
2017-12-31,2017,12,januari 2017 - december 2017,Dec 2017,Onbekend,0
2018-12-31,2018,12,januari 2018 - december 2018,Dec 2018,Bouwberoepen,14436
2018-12-31,2018,12,januari 2018 - december 2018,Dec 2018,Industriële beroepen en ambachten,5228
2018-12-31,2018,12,januari 2018 - december 2018,Dec 2018,Organisatieondersteunende en kennisberoepen,2837
2018-12-31,2018,12,januari 2018 - december 2018,Dec 2018,Transport- en logistieke beroepen,972
2018-12-31,2018,12,januari 2018 - december 2018,Dec 2018,Handels- en verkoopberoepen,486
2018-12-31,2018,12,januari 2018 - december 2018,Dec 2018,Dienstverlenende beroepen,204
2018-12-31,2018,12,januari 2018 - december 2018,Dec 2018,"Land-, tuin- en bosbouw- en visserijberoepen",101
2018-12-31,2018,12,januari 2018 - december 2018,Dec 2018,Horecaberoepen,25
2018-12-31,2018,12,januari 2018 - december 2018,Dec 2018,Vrijetijds- en artistieke beroepen,8
2018-12-31,2018,12,januari 2018 - december 2018,Dec 2018,Pedagogische beroepen,2
2018-12-31,2018,12,januari 2018 - december 2018,Dec 2018,"Medische, paramedische en verzorgende beroepen",0
2019-12-31,2019,12,januari 2019 - december 2019,Dec 2019,Bouwberoepen,10744
2019-12-31,2019,12,januari 2019 - december 2019,Dec 2019,Industriële beroepen en ambachten,4810
2019-12-31,2019,12,januari 2019 - december 2019,Dec 2019,Organisatieondersteunende en kennisberoepen,1634
2019-12-31,2019,12,januari 2019 - december 2019,Dec 2019,Transport- en logistieke beroepen,803
2019-12-31,2019,12,januari 2019 - december 2019,Dec 2019,Handels- en verkoopberoepen,450
2019-12-31,2019,12,januari 2019 - december 2019,Dec 2019,Dienstverlenende beroepen,197
2019-12-31,2019,12,januari 2019 - december 2019,Dec 2019,"Land-, tuin- en bosbouw- en visserijberoepen",151
2019-12-31,2019,12,januari 2019 - december 2019,Dec 2019,Horecaberoepen,27
2019-12-31,2019,12,januari 2019 - december 2019,Dec 2019,Vrijetijds- en artistieke beroepen,3
2019-12-31,2019,12,januari 2019 - december 2019,Dec 2019,"Medische, paramedische en verzorgende beroepen",1
2019-12-31,2019,12,januari 2019 - december 2019,Dec 2019,Pedagogische beroepen,1
2020-12-31,2020,12,januari 2020 - december 2020,Dec 2020,Bouwberoepen,10464
2020-12-31,2020,12,januari 2020 - december 2020,Dec 2020,Industriële beroepen en ambachten,4308
2020-12-31,2020,12,januari 2020 - december 2020,Dec 2020,Organisatieondersteunende en kennisberoepen,1288
2020-12-31,2020,12,januari 2020 - december 2020,Dec 2020,Transport- en logistieke beroepen,643
2020-12-31,2020,12,januari 2020 - december 2020,Dec 2020,Handels- en verkoopberoepen,313
2020-12-31,2020,12,januari 2020 - december 2020,Dec 2020,"Land-, tuin- en bosbouw- en visserijberoepen",150
2020-12-31,2020,12,januari 2020 - december 2020,Dec 2020,Dienstverlenende beroepen,90
2020-12-31,2020,12,januari 2020 - december 2020,Dec 2020,Horecaberoepen,10
2020-12-31,2020,12,januari 2020 - december 2020,Dec 2020,"Medische, paramedische en verzorgende beroepen",4
2020-12-31,2020,12,januari 2020 - december 2020,Dec 2020,Pedagogische beroepen,1
2020-12-31,2020,12,januari 2020 - december 2020,Dec 2020,Vrijetijds- en artistieke beroepen,1
2021-12-31,2021,12,januari 2021 - december 2021,Dec 2021,Bouwberoepen,12503
2021-12-31,2021,12,januari 2021 - december 2021,Dec 2021,Industriële beroepen en ambachten,5124
2021-12-31,2021,12,januari 2021 - december 2021,Dec 2021,Organisatieondersteunende en kennisberoepen,1899
2021-12-31,2021,12,januari 2021 - december 2021,Dec 2021,Transport- en logistieke beroepen,876
2021-12-31,2021,12,januari 2021 - december 2021,Dec 2021,Handels- en verkoopberoepen,480
2021-12-31,2021,12,januari 2021 - december 2021,Dec 2021,Dienstverlenende beroepen,182
2021-12-31,2021,12,januari 2021 - december 2021,Dec 2021,"Land-, tuin- en bosbouw- en visserijberoepen",157
2021-12-31,2021,12,januari 2021 - december 2021,Dec 2021,Vrijetijds- en artistieke beroepen,33
2021-12-31,2021,12,januari 2021 - december 2021,Dec 2021,Horecaberoepen,22
2021-12-31,2021,12,januari 2021 - december 2021,Dec 2021,Pedagogische beroepen,11
2021-12-31,2021,12,januari 2021 - december 2021,Dec 2021,"Medische, paramedische en verzorgende beroepen",6
2022-12-31,2022,12,januari 2022 - december 2022,Dec 2022,Bouwberoepen,13228
2022-12-31,2022,12,januari 2022 - december 2022,Dec 2022,Industriële beroepen en ambachten,7334
2022-12-31,2022,12,januari 2022 - december 2022,Dec 2022,Organisatieondersteunende en kennisberoepen,2531
2022-12-31,2022,12,januari 2022 - december 2022,Dec 2022,Transport- en logistieke beroepen,1063
2022-12-31,2022,12,januari 2022 - december 2022,Dec 2022,Handels- en verkoopberoepen,414
2022-12-31,2022,12,januari 2022 - december 2022,Dec 2022,Dienstverlenende beroepen,279
2022-12-31,2022,12,januari 2022 - december 2022,Dec 2022,"Land-, tuin- en bosbouw- en visserijberoepen",80
2022-12-31,2022,12,januari 2022 - december 2022,Dec 2022,Pedagogische beroepen,27
2022-12-31,2022,12,januari 2022 - december 2022,Dec 2022,Horecaberoepen,26
2022-12-31,2022,12,januari 2022 - december 2022,Dec 2022,Vrijetijds- en artistieke beroepen,26
2022-12-31,2022,12,januari 2022 - december 2022,Dec 2022,"Medische, paramedische en verzorgende beroepen",17
2023-12-31,2023,12,januari 2023 - december 2023,Dec 2023,Bouwberoepen,11517
2023-12-31,2023,12,januari 2023 - december 2023,Dec 2023,Industriële beroepen en ambachten,5589
2023-12-31,2023,12,januari 2023 - december 2023,Dec 2023,Organisatieondersteunende en kennisberoepen,2204
2023-12-31,2023,12,januari 2023 - december 2023,Dec 2023,Transport- en logistieke beroepen,1053
2023-12-31,2023,12,januari 2023 - december 2023,Dec 2023,Handels- en verkoopberoepen,429
2023-12-31,2023,12,januari 2023 - december 2023,Dec 2023,Dienstverlenende beroepen,200
2023-12-31,2023,12,januari 2023 - december 2023,Dec 2023,Vrijetijds- en artistieke beroepen,74
2023-12-31,2023,12,januari 2023 - december 2023,Dec 2023,"Land-, tuin- en bosbouw- en visserijberoepen",58
2023-12-31,2023,12,januari 2023 - december 2023,Dec 2023,Pedagogische beroepen,29
2023-12-31,2023,12,januari 2023 - december 2023,Dec 2023,Horecaberoepen,25
2023-12-31,2023,12,januari 2023 - december 2023,Dec 2023,"Medische, paramedische en verzorgende beroepen",23
2024-12-31,2024,12,januari 2024 - december 2024,Dec 2024,Bouwberoepen,10380
2024-12-31,2024,12,januari 2024 - december 2024,Dec 2024,Industriële beroepen en ambachten,4055
2024-12-31,2024,12,januari 2024 - december 2024,Dec 2024,Organisatieondersteunende en kennisberoepen,2110
2024-12-31,2024,12,januari 2024 - december 2024,Dec 2024,Transport- en logistieke beroepen,1008
2024-12-31,2024,12,januari 2024 - december 2024,Dec 2024,Handels- en verkoopberoepen,238
2024-12-31,2024,12,januari 2024 - december 2024,Dec 2024,Dienstverlenende beroepen,234
2024-12-31,2024,12,januari 2024 - december 2024,Dec 2024,"Land-, tuin- en bosbouw- en visserijberoepen",78
2024-12-31,2024,12,januari 2024 - december 2024,Dec 2024,"Medische, paramedische en verzorgende beroepen",20
2024-12-31,2024,12,januari 2024 - december 2024,Dec 2024,Pedagogische beroepen,18
2024-12-31,2024,12,januari 2024 - december 2024,Dec 2024,Horecaberoepen,14
2024-12-31,2024,12,januari 2024 - december 2024,Dec 2024,Vrijetijds- en artistieke beroepen,14
2025-12-31,2025,12,januari 2025 - december 2025,Dec 2025,Bouwberoepen,10345
2025-12-31,2025,12,januari 2025 - december 2025,Dec 2025,Industriële beroepen en ambachten,4084
2025-12-31,2025,12,januari 2025 - december 2025,Dec 2025,Organisatieondersteunende en kennisberoepen,2323
2025-12-31,2025,12,januari 2025 - december 2025,Dec 2025,Transport- en logistieke beroepen,902
2025-12-31,2025,12,januari 2025 - december 2025,Dec 2025,Handels- en verkoopberoepen,351
2025-12-31,2025,12,januari 2025 - december 2025,Dec 2025,Dienstverlenende beroepen,230
2025-12-31,2025,12,januari 2025 - december 2025,Dec 2025,Horecaberoepen,63
2025-12-31,2025,12,januari 2025 - december 2025,Dec 2025,"Land-, tuin- en bosbouw- en visserijberoepen",56
2025-12-31,2025,12,januari 2025 - december 2025,Dec 2025,Onbekend,3
2025-12-31,2025,12,januari 2025 - december 2025,Dec 2025,Pedagogische beroepen,3
2025-12-31,2025,12,januari 2025 - december 2025,Dec 2025,Vrijetijds- en artistieke beroepen,2
2025-12-31,2025,12,januari 2025 - december 2025,Dec 2025,"Medische, paramedische en verzorgende beroepen",1
2026-04-30,2026,4,mei 2025 - april 2026,Apr 2026,Bouwberoepen,10231
2026-04-30,2026,4,mei 2025 - april 2026,Apr 2026,Industriële beroepen en ambachten,4008
2026-04-30,2026,4,mei 2025 - april 2026,Apr 2026,Organisatieondersteunende en kennisberoepen,2185
2026-04-30,2026,4,mei 2025 - april 2026,Apr 2026,Transport- en logistieke beroepen,826
2026-04-30,2026,4,mei 2025 - april 2026,Apr 2026,Handels- en verkoopberoepen,303
2026-04-30,2026,4,mei 2025 - april 2026,Apr 2026,Dienstverlenende beroepen,200
2026-04-30,2026,4,mei 2025 - april 2026,Apr 2026,"Land-, tuin- en bosbouw- en visserijberoepen",59
2026-04-30,2026,4,mei 2025 - april 2026,Apr 2026,Horecaberoepen,44
2026-04-30,2026,4,mei 2025 - april 2026,Apr 2026,Pedagogische beroepen,5
2026-04-30,2026,4,mei 2025 - april 2026,Apr 2026,Onbekend,4
2026-04-30,2026,4,mei 2025 - april 2026,Apr 2026,Vrijetijds- en artistieke beroepen,2
2026-04-30,2026,4,mei 2025 - april 2026,Apr 2026,"Medische, paramedische en verzorgende beroepen",1
