rank,period_end,period_year,period_month,period_label,period_short,hoofdberoepsgroep,beroepsgroep,beroep,vacatures,source_file,share_pct
1,2026-04-30,2026,4,mei 2025 - april 2026,Apr 2026,Bouwberoepen,Bouwvakkers,Wegenwerker,1383,vacatures_202604_all.xlsx,7.7
2,2026-04-30,2026,4,mei 2025 - april 2026,Apr 2026,Bouwberoepen,Bouwtechnici,Werfleider,1074,vacatures_202604_all.xlsx,6.0
3,2026-04-30,2026,4,mei 2025 - april 2026,Apr 2026,Bouwberoepen,Bouwvakkers,Medewerker ruwbouw,744,vacatures_202604_all.xlsx,4.2
4,2026-04-30,2026,4,mei 2025 - april 2026,Apr 2026,Industriële beroepen en ambachten,Monteurs en installateurs elektrotechniek,Elektrotechnicus,724,vacatures_202604_all.xlsx,4.1
5,2026-04-30,2026,4,mei 2025 - april 2026,Apr 2026,Bouwberoepen,Bouwvakkers,Dakwerker,644,vacatures_202604_all.xlsx,3.6
6,2026-04-30,2026,4,mei 2025 - april 2026,Apr 2026,Bouwberoepen,Bouwvakkers,Monteur installatietechnieken,628,vacatures_202604_all.xlsx,3.5
7,2026-04-30,2026,4,mei 2025 - april 2026,Apr 2026,Organisatieondersteunende en kennisberoepen,Administratief medewerkers,Polyvalent administratief medewerker,575,vacatures_202604_all.xlsx,3.2
8,2026-04-30,2026,4,mei 2025 - april 2026,Apr 2026,Bouwberoepen,Bouwtechnici,Projectleider bouw en openbare werken,518,vacatures_202604_all.xlsx,2.9
9,2026-04-30,2026,4,mei 2025 - april 2026,Apr 2026,Bouwberoepen,Bouwtechnici,Calculator bouw,421,vacatures_202604_all.xlsx,2.4
10,2026-04-30,2026,4,mei 2025 - april 2026,Apr 2026,Bouwberoepen,Bouwvakkers,Datacommunicatie- en netwerktechnicus,418,vacatures_202604_all.xlsx,2.3
11,2026-04-30,2026,4,mei 2025 - april 2026,Apr 2026,Bouwberoepen,Bouwvakkers,Metselaar,412,vacatures_202604_all.xlsx,2.3
12,2026-04-30,2026,4,mei 2025 - april 2026,Apr 2026,Transport- en logistieke beroepen,Bestuurders in het wegtransport,Vrachtwagenbestuurder,390,vacatures_202604_all.xlsx,2.2
13,2026-04-30,2026,4,mei 2025 - april 2026,Apr 2026,Bouwberoepen,Bouwvakkers,Plaatser van boven- en ondergrondse leidingen,389,vacatures_202604_all.xlsx,2.2
14,2026-04-30,2026,4,mei 2025 - april 2026,Apr 2026,Industriële beroepen en ambachten,Industriële technici,Technicus elektronische installaties,323,vacatures_202604_all.xlsx,1.8
15,2026-04-30,2026,4,mei 2025 - april 2026,Apr 2026,Bouwberoepen,Bouwvakkers,Plaatser buitenschrijnwerk,300,vacatures_202604_all.xlsx,1.7
16,2026-04-30,2026,4,mei 2025 - april 2026,Apr 2026,Industriële beroepen en ambachten,Industriële technici,Industrieel elektromecanicien,297,vacatures_202604_all.xlsx,1.7
17,2026-04-30,2026,4,mei 2025 - april 2026,Apr 2026,Bouwberoepen,Bouwvakkers,Schilder-decorateur,287,vacatures_202604_all.xlsx,1.6
18,2026-04-30,2026,4,mei 2025 - april 2026,Apr 2026,Organisatieondersteunende en kennisberoepen,Administratief medewerkers,Technisch-administratief medewerker,255,vacatures_202604_all.xlsx,1.4
19,2026-04-30,2026,4,mei 2025 - april 2026,Apr 2026,Industriële beroepen en ambachten,Industriële technici,Industrieel onderhoudstechnicus,249,vacatures_202604_all.xlsx,1.4
20,2026-04-30,2026,4,mei 2025 - april 2026,Apr 2026,Bouwberoepen,Machinisten en kraanmannen,Kraanbestuurder,245,vacatures_202604_all.xlsx,1.4
21,2026-04-30,2026,4,mei 2025 - april 2026,Apr 2026,Transport- en logistieke beroepen,Transport- en logistiek personeel,Magazijnmedewerker,238,vacatures_202604_all.xlsx,1.3
22,2026-04-30,2026,4,mei 2025 - april 2026,Apr 2026,Bouwberoepen,Bouwvakkers,Interieurbouwer,224,vacatures_202604_all.xlsx,1.3
23,2026-04-30,2026,4,mei 2025 - april 2026,Apr 2026,Bouwberoepen,Machinisten en kraanmannen,Bediener grondverzetmachines,210,vacatures_202604_all.xlsx,1.2
24,2026-04-30,2026,4,mei 2025 - april 2026,Apr 2026,Bouwberoepen,Bouwtechnici,Ingenieur studie en advies bouw,177,vacatures_202604_all.xlsx,1.0
25,2026-04-30,2026,4,mei 2025 - april 2026,Apr 2026,Industriële beroepen en ambachten,Professionals in de metaalindustrie,Manueel lasser,167,vacatures_202604_all.xlsx,0.9
26,2026-04-30,2026,4,mei 2025 - april 2026,Apr 2026,Bouwberoepen,Bouwvakkers,Bekister-betonneerder,164,vacatures_202604_all.xlsx,0.9
27,2026-04-30,2026,4,mei 2025 - april 2026,Apr 2026,Industriële beroepen en ambachten,Industriële technici,Koeltechnicus,155,vacatures_202604_all.xlsx,0.9
28,2026-04-30,2026,4,mei 2025 - april 2026,Apr 2026,Industriële beroepen en ambachten,Industriële technici,Regeltechnicus klimatisatie,155,vacatures_202604_all.xlsx,0.9
29,2026-04-30,2026,4,mei 2025 - april 2026,Apr 2026,Industriële beroepen en ambachten,Medewerkers houtindustrie,Werkplaatsschrijnwerker,154,vacatures_202604_all.xlsx,0.9
30,2026-04-30,2026,4,mei 2025 - april 2026,Apr 2026,Bouwberoepen,Bouwvakkers,Plaatser binnenschrijnwerk,151,vacatures_202604_all.xlsx,0.8
31,2026-04-30,2026,4,mei 2025 - april 2026,Apr 2026,Handels- en verkoopberoepen,Vertegenwoordigers,Vertegenwoordiger B2B,150,vacatures_202604_all.xlsx,0.8
32,2026-04-30,2026,4,mei 2025 - april 2026,Apr 2026,Bouwberoepen,Bouwtechnici,Bouwkundig tekenaar,146,vacatures_202604_all.xlsx,0.8
33,2026-04-30,2026,4,mei 2025 - april 2026,Apr 2026,Bouwberoepen,Bouwvakkers,Vloerder-tegelzetter,144,vacatures_202604_all.xlsx,0.8
34,2026-04-30,2026,4,mei 2025 - april 2026,Apr 2026,Industriële beroepen en ambachten,Technisch leidinggevenden,Projectmanager engineering,143,vacatures_202604_all.xlsx,0.8
35,2026-04-30,2026,4,mei 2025 - april 2026,Apr 2026,Organisatieondersteunende en kennisberoepen,"Medewerkers commerciële strategie, marketing en verkoop",Contactcenter medewerker,134,vacatures_202604_all.xlsx,0.7
36,2026-04-30,2026,4,mei 2025 - april 2026,Apr 2026,Bouwberoepen,Bouwvakkers,Stukadoor,133,vacatures_202604_all.xlsx,0.7
37,2026-04-30,2026,4,mei 2025 - april 2026,Apr 2026,Industriële beroepen en ambachten,Professionals in de metaalindustrie,Monteur staalconstructies,126,vacatures_202604_all.xlsx,0.7
38,2026-04-30,2026,4,mei 2025 - april 2026,Apr 2026,Organisatieondersteunende en kennisberoepen,Accountants,Accountant,121,vacatures_202604_all.xlsx,0.7
39,2026-04-30,2026,4,mei 2025 - april 2026,Apr 2026,Bouwberoepen,Bouwvakkers,Steigerbouwer,116,vacatures_202604_all.xlsx,0.6
40,2026-04-30,2026,4,mei 2025 - april 2026,Apr 2026,Organisatieondersteunende en kennisberoepen,"Medewerkers commerciële strategie, marketing en verkoop",Aankoper,110,vacatures_202604_all.xlsx,0.6
41,2026-04-30,2026,4,mei 2025 - april 2026,Apr 2026,Bouwberoepen,Bouwvakkers,Elektrotechnisch installateur,108,vacatures_202604_all.xlsx,0.6
42,2026-04-30,2026,4,mei 2025 - april 2026,Apr 2026,Bouwberoepen,Bouwvakkers,Installateur energiemanagementsystemen,102,vacatures_202604_all.xlsx,0.6
43,2026-04-30,2026,4,mei 2025 - april 2026,Apr 2026,Industriële beroepen en ambachten,Diverse productiemedewerkers en operatoren,Productiemedewerker,101,vacatures_202604_all.xlsx,0.6
44,2026-04-30,2026,4,mei 2025 - april 2026,Apr 2026,Bouwberoepen,Bouwvakkers,Technicus installatietechnieken,97,vacatures_202604_all.xlsx,0.5
45,2026-04-30,2026,4,mei 2025 - april 2026,Apr 2026,Organisatieondersteunende en kennisberoepen,"Medewerkers commerciële strategie, marketing en verkoop",Commercieel medewerker binnendienst,96,vacatures_202604_all.xlsx,0.5
46,2026-04-30,2026,4,mei 2025 - april 2026,Apr 2026,Organisatieondersteunende en kennisberoepen,Accountants,Assistent accountancy,94,vacatures_202604_all.xlsx,0.5
47,2026-04-30,2026,4,mei 2025 - april 2026,Apr 2026,Industriële beroepen en ambachten,Voer- en werktuigherstellers,"Technicus werf-, landbouw- en hefmachines",89,vacatures_202604_all.xlsx,0.5
48,2026-04-30,2026,4,mei 2025 - april 2026,Apr 2026,Industriële beroepen en ambachten,Industriële technici,Werkvoorbereider,86,vacatures_202604_all.xlsx,0.5
49,2026-04-30,2026,4,mei 2025 - april 2026,Apr 2026,Industriële beroepen en ambachten,Tekenaars en vormgevers,"Tekenaar-ontwerper elektriciteit, elektronica",85,vacatures_202604_all.xlsx,0.5
50,2026-04-30,2026,4,mei 2025 - april 2026,Apr 2026,Handels- en verkoopberoepen,Verkooppersoneel,Winkelverkoper,83,vacatures_202604_all.xlsx,0.5
51,2026-04-30,2026,4,mei 2025 - april 2026,Apr 2026,Bouwberoepen,Bouwvakkers,Onderhoudsmedewerker gebouwen,81,vacatures_202604_all.xlsx,0.5
52,2026-04-30,2026,4,mei 2025 - april 2026,Apr 2026,Bouwberoepen,Bouwvakkers,Industrieel isolatiewerker,77,vacatures_202604_all.xlsx,0.4
53,2026-04-30,2026,4,mei 2025 - april 2026,Apr 2026,Bouwberoepen,Bouwvakkers,Installateur nutsvoorzieningen,76,vacatures_202604_all.xlsx,0.4
54,2026-04-30,2026,4,mei 2025 - april 2026,Apr 2026,Dienstverlenende beroepen,Schoonmaak- en onderhoudspersoneel,Schoonmaker van ruimten en lokalen,74,vacatures_202604_all.xlsx,0.4
55,2026-04-30,2026,4,mei 2025 - april 2026,Apr 2026,Industriële beroepen en ambachten,Medewerkers houtindustrie,Meubelmaker,73,vacatures_202604_all.xlsx,0.4
56,2026-04-30,2026,4,mei 2025 - april 2026,Apr 2026,Industriële beroepen en ambachten,Diverse productiemedewerkers en operatoren,Uitvoerder van werken op hoogte,69,vacatures_202604_all.xlsx,0.4
57,2026-04-30,2026,4,mei 2025 - april 2026,Apr 2026,Organisatieondersteunende en kennisberoepen,"Medewerkers commerciële strategie, marketing en verkoop",Sales engineer,66,vacatures_202604_all.xlsx,0.4
58,2026-04-30,2026,4,mei 2025 - april 2026,Apr 2026,Industriële beroepen en ambachten,Industriële technici,Productieplanner,61,vacatures_202604_all.xlsx,0.3
59,2026-04-30,2026,4,mei 2025 - april 2026,Apr 2026,Industriële beroepen en ambachten,Industriële technici,Lifttechnicus,60,vacatures_202604_all.xlsx,0.3
60,2026-04-30,2026,4,mei 2025 - april 2026,Apr 2026,Industriële beroepen en ambachten,Professionals in de metaalindustrie,Pijpfitter,59,vacatures_202604_all.xlsx,0.3
61,2026-04-30,2026,4,mei 2025 - april 2026,Apr 2026,Transport- en logistieke beroepen,Transport- en logistiek personeel,Logistiek verantwoordelijke,55,vacatures_202604_all.xlsx,0.3
62,2026-04-30,2026,4,mei 2025 - april 2026,Apr 2026,Bouwberoepen,Bouwtechnici,Interieurarchitect interieurvormgever,54,vacatures_202604_all.xlsx,0.3
63,2026-04-30,2026,4,mei 2025 - april 2026,Apr 2026,Industriële beroepen en ambachten,Diverse productiemedewerkers en operatoren,Productieoperator elektrische en elektronische componenten,54,vacatures_202604_all.xlsx,0.3
64,2026-04-30,2026,4,mei 2025 - april 2026,Apr 2026,Organisatieondersteunende en kennisberoepen,Onderzoeksmedewerkers en beleidsexperten,Expert lokale ontwikkeling,53,vacatures_202604_all.xlsx,0.3
65,2026-04-30,2026,4,mei 2025 - april 2026,Apr 2026,Transport- en logistieke beroepen,Transport- en logistiek personeel,Magazijnbeheerder,53,vacatures_202604_all.xlsx,0.3
66,2026-04-30,2026,4,mei 2025 - april 2026,Apr 2026,Organisatieondersteunende en kennisberoepen,Bedrijfsadviseurs,Preventieadviseur,53,vacatures_202604_all.xlsx,0.3
67,2026-04-30,2026,4,mei 2025 - april 2026,Apr 2026,Bouwberoepen,Bouwvakkers,Beveiligingstechnicus,51,vacatures_202604_all.xlsx,0.3
68,2026-04-30,2026,4,mei 2025 - april 2026,Apr 2026,Organisatieondersteunende en kennisberoepen,HR-experts,Personeelsmedewerker,51,vacatures_202604_all.xlsx,0.3
69,2026-04-30,2026,4,mei 2025 - april 2026,Apr 2026,Industriële beroepen en ambachten,Monteurs en installateurs elektrotechniek,Technicus industriële elektriciteit,49,vacatures_202604_all.xlsx,0.3
70,2026-04-30,2026,4,mei 2025 - april 2026,Apr 2026,Organisatieondersteunende en kennisberoepen,Administratief medewerkers,Managementassistent,49,vacatures_202604_all.xlsx,0.3
71,2026-04-30,2026,4,mei 2025 - april 2026,Apr 2026,Industriële beroepen en ambachten,Technisch leidinggevenden,Verantwoordelijke industrieel onderhoud,48,vacatures_202604_all.xlsx,0.3
72,2026-04-30,2026,4,mei 2025 - april 2026,Apr 2026,Bouwberoepen,Bouwvakkers,Schrijnwerker houtbouw,48,vacatures_202604_all.xlsx,0.3
73,2026-04-30,2026,4,mei 2025 - april 2026,Apr 2026,Organisatieondersteunende en kennisberoepen,Bedrijfsadviseurs,Business en financial controller,47,vacatures_202604_all.xlsx,0.3
74,2026-04-30,2026,4,mei 2025 - april 2026,Apr 2026,Bouwberoepen,Bouwtechnici,Werfbediende,47,vacatures_202604_all.xlsx,0.3
75,2026-04-30,2026,4,mei 2025 - april 2026,Apr 2026,Industriële beroepen en ambachten,Professionals in de metaalindustrie,Rigger-monteerder,46,vacatures_202604_all.xlsx,0.3
76,2026-04-30,2026,4,mei 2025 - april 2026,Apr 2026,Bouwberoepen,Bouwtechnici,Veiligheidscoördinator,44,vacatures_202604_all.xlsx,0.2
77,2026-04-30,2026,4,mei 2025 - april 2026,Apr 2026,Industriële beroepen en ambachten,Technisch leidinggevenden,Afdelingsverantwoordelijke productie,41,vacatures_202604_all.xlsx,0.2
78,2026-04-30,2026,4,mei 2025 - april 2026,Apr 2026,Industriële beroepen en ambachten,Monteurs en installateurs elektrotechniek,Bordenbouwer - Elektromonteur machinebouw,41,vacatures_202604_all.xlsx,0.2
79,2026-04-30,2026,4,mei 2025 - april 2026,Apr 2026,Industriële beroepen en ambachten,Voer- en werktuigherstellers,Onderhoudsmecanicien van zware bedrijfsvoertuigen,41,vacatures_202604_all.xlsx,0.2
80,2026-04-30,2026,4,mei 2025 - april 2026,Apr 2026,Bouwberoepen,Bouwvakkers,Daktimmerman,39,vacatures_202604_all.xlsx,0.2
81,2026-04-30,2026,4,mei 2025 - april 2026,Apr 2026,Organisatieondersteunende en kennisberoepen,HR-experts,Verantwoordelijke werving en opleiding,38,vacatures_202604_all.xlsx,0.2
82,2026-04-30,2026,4,mei 2025 - april 2026,Apr 2026,Bouwberoepen,Bouwvakkers,Gevelrenoveerder-betonhersteller,36,vacatures_202604_all.xlsx,0.2
83,2026-04-30,2026,4,mei 2025 - april 2026,Apr 2026,Handels- en verkoopberoepen,Vertegenwoordigers,Vertegenwoordiger B2C,36,vacatures_202604_all.xlsx,0.2
84,2026-04-30,2026,4,mei 2025 - april 2026,Apr 2026,Bouwberoepen,Bouwvakkers,Voeger,35,vacatures_202604_all.xlsx,0.2
85,2026-04-30,2026,4,mei 2025 - april 2026,Apr 2026,Organisatieondersteunende en kennisberoepen,Informatici en ICT-medewerkers,Integratie expert ICT,35,vacatures_202604_all.xlsx,0.2
86,2026-04-30,2026,4,mei 2025 - april 2026,Apr 2026,Organisatieondersteunende en kennisberoepen,HR-experts,Payroll advisor,34,vacatures_202604_all.xlsx,0.2
87,2026-04-30,2026,4,mei 2025 - april 2026,Apr 2026,Industriële beroepen en ambachten,Bewerkers van voeding,Slager,34,vacatures_202604_all.xlsx,0.2
88,2026-04-30,2026,4,mei 2025 - april 2026,Apr 2026,Bouwberoepen,Bouwvakkers,Asbestverwijderaar,33,vacatures_202604_all.xlsx,0.2
89,2026-04-30,2026,4,mei 2025 - april 2026,Apr 2026,"Land-, tuin- en bosbouw- en visserijberoepen","Land-, tuin- en bosbouwers en vissers",Medewerker tuin- en groenaanleg en -onderhoud,33,vacatures_202604_all.xlsx,0.2
90,2026-04-30,2026,4,mei 2025 - april 2026,Apr 2026,Industriële beroepen en ambachten,Professionals in de metaalindustrie,Operator montage en assemblage,31,vacatures_202604_all.xlsx,0.2
91,2026-04-30,2026,4,mei 2025 - april 2026,Apr 2026,Industriële beroepen en ambachten,Professionals in de metaalindustrie,Insteller-omsteller verspaning,31,vacatures_202604_all.xlsx,0.2
92,2026-04-30,2026,4,mei 2025 - april 2026,Apr 2026,Industriële beroepen en ambachten,Diverse productiemedewerkers en operatoren,Industrieel schilder,30,vacatures_202604_all.xlsx,0.2
93,2026-04-30,2026,4,mei 2025 - april 2026,Apr 2026,Bouwberoepen,Bouwvakkers,Rioollegger,30,vacatures_202604_all.xlsx,0.2
94,2026-04-30,2026,4,mei 2025 - april 2026,Apr 2026,Industriële beroepen en ambachten,Industriële technici,Expert productieproces en -methodes,30,vacatures_202604_all.xlsx,0.2
95,2026-04-30,2026,4,mei 2025 - april 2026,Apr 2026,Bouwberoepen,Bouwvakkers,"Aansluiter van waterleidingen, rioleringen en warmtenetten",30,vacatures_202604_all.xlsx,0.2
96,2026-04-30,2026,4,mei 2025 - april 2026,Apr 2026,Bouwberoepen,Bouwvakkers,Brandertechnicus,29,vacatures_202604_all.xlsx,0.2
97,2026-04-30,2026,4,mei 2025 - april 2026,Apr 2026,Bouwberoepen,Bouwtechnici,Landmeter,28,vacatures_202604_all.xlsx,0.2
98,2026-04-30,2026,4,mei 2025 - april 2026,Apr 2026,Organisatieondersteunende en kennisberoepen,Onderzoeksmedewerkers en beleidsexperten,Beleidsdeskundige,28,vacatures_202604_all.xlsx,0.2
99,2026-04-30,2026,4,mei 2025 - april 2026,Apr 2026,Industriële beroepen en ambachten,Industriële technici,Ontwerper industriële automatisering,28,vacatures_202604_all.xlsx,0.2
100,2026-04-30,2026,4,mei 2025 - april 2026,Apr 2026,Organisatieondersteunende en kennisberoepen,Leidinggevenden,Administratief en financieel verantwoordelijke,28,vacatures_202604_all.xlsx,0.2
101,2026-04-30,2026,4,mei 2025 - april 2026,Apr 2026,Industriële beroepen en ambachten,Professionals in de metaalindustrie,Productieoperator metaal,28,vacatures_202604_all.xlsx,0.2
102,2026-04-30,2026,4,mei 2025 - april 2026,Apr 2026,Bouwberoepen,Machinisten en kraanmannen,Bediener machines horizontale boringen,26,vacatures_202604_all.xlsx,0.1
103,2026-04-30,2026,4,mei 2025 - april 2026,Apr 2026,Dienstverlenende beroepen,Juridische dienstverleners,Jurist,26,vacatures_202604_all.xlsx,0.1
104,2026-04-30,2026,4,mei 2025 - april 2026,Apr 2026,Transport- en logistieke beroepen,Transport- en logistiek personeel,Dispatcher goederenvervoer,26,vacatures_202604_all.xlsx,0.1
105,2026-04-30,2026,4,mei 2025 - april 2026,Apr 2026,Transport- en logistieke beroepen,"Werknemers spoor-, water-, luchttransport",Spoorwerker,26,vacatures_202604_all.xlsx,0.1
106,2026-04-30,2026,4,mei 2025 - april 2026,Apr 2026,Handels- en verkoopberoepen,Verkooppersoneel,Technisch adviseur klantenondersteuning,25,vacatures_202604_all.xlsx,0.1
107,2026-04-30,2026,4,mei 2025 - april 2026,Apr 2026,Organisatieondersteunende en kennisberoepen,Leidinggevenden,HR-manager,25,vacatures_202604_all.xlsx,0.1
108,2026-04-30,2026,4,mei 2025 - april 2026,Apr 2026,Bouwberoepen,Bouwvakkers,Glaswerker,25,vacatures_202604_all.xlsx,0.1
109,2026-04-30,2026,4,mei 2025 - april 2026,Apr 2026,Industriële beroepen en ambachten,Technisch leidinggevenden,Verantwoordelijke kwaliteitscontrole,24,vacatures_202604_all.xlsx,0.1
110,2026-04-30,2026,4,mei 2025 - april 2026,Apr 2026,Organisatieondersteunende en kennisberoepen,Informatici en ICT-medewerkers,Support medewerker ICT,23,vacatures_202604_all.xlsx,0.1
111,2026-04-30,2026,4,mei 2025 - april 2026,Apr 2026,Industriële beroepen en ambachten,Diverse productiemedewerkers en operatoren,"Productieoperator van stortbeton, cement, asfalt en granulaten",22,vacatures_202604_all.xlsx,0.1
112,2026-04-30,2026,4,mei 2025 - april 2026,Apr 2026,Bouwberoepen,Machinisten en kraanmannen,Torenkraanbediener,21,vacatures_202604_all.xlsx,0.1
113,2026-04-30,2026,4,mei 2025 - april 2026,Apr 2026,Bouwberoepen,Bouwtechnici,Verantwoordelijke onderhoud van gebouwen en infrastructuur,21,vacatures_202604_all.xlsx,0.1
114,2026-04-30,2026,4,mei 2025 - april 2026,Apr 2026,Organisatieondersteunende en kennisberoepen,Informatici en ICT-medewerkers,Software ontwikkelaar,19,vacatures_202604_all.xlsx,0.1
115,2026-04-30,2026,4,mei 2025 - april 2026,Apr 2026,Industriële beroepen en ambachten,Diverse productiemedewerkers en operatoren,Productiemedewerker prefabbeton,19,vacatures_202604_all.xlsx,0.1
116,2026-04-30,2026,4,mei 2025 - april 2026,Apr 2026,Organisatieondersteunende en kennisberoepen,Leidinggevenden,Algemeen directeur,19,vacatures_202604_all.xlsx,0.1
117,2026-04-30,2026,4,mei 2025 - april 2026,Apr 2026,Organisatieondersteunende en kennisberoepen,Leidinggevenden,Marketingmanager,19,vacatures_202604_all.xlsx,0.1
118,2026-04-30,2026,4,mei 2025 - april 2026,Apr 2026,Bouwberoepen,Bouwtechnici,Architect,19,vacatures_202604_all.xlsx,0.1
119,2026-04-30,2026,4,mei 2025 - april 2026,Apr 2026,Industriële beroepen en ambachten,Industriële technici,Technicus elektro en elektronica,19,vacatures_202604_all.xlsx,0.1
120,2026-04-30,2026,4,mei 2025 - april 2026,Apr 2026,Bouwberoepen,Bouwvakkers,Plaatser van houten vloerbedekking,19,vacatures_202604_all.xlsx,0.1
121,2026-04-30,2026,4,mei 2025 - april 2026,Apr 2026,Organisatieondersteunende en kennisberoepen,Leidinggevenden,Facility manager,17,vacatures_202604_all.xlsx,0.1
122,2026-04-30,2026,4,mei 2025 - april 2026,Apr 2026,Industriële beroepen en ambachten,Medewerkers houtindustrie,Operator CNC-gestuurde houtbewerkingsmachines,17,vacatures_202604_all.xlsx,0.1
123,2026-04-30,2026,4,mei 2025 - april 2026,Apr 2026,Organisatieondersteunende en kennisberoepen,Bedrijfsadviseurs,Projectmanager business,17,vacatures_202604_all.xlsx,0.1
124,2026-04-30,2026,4,mei 2025 - april 2026,Apr 2026,Industriële beroepen en ambachten,Tekenaars en vormgevers,Tekenaar-ontwerper mechanica,16,vacatures_202604_all.xlsx,0.1
125,2026-04-30,2026,4,mei 2025 - april 2026,Apr 2026,Dienstverlenende beroepen,Persoonlijke dienstverleners,Medewerker kuuroord,16,vacatures_202604_all.xlsx,0.1
126,2026-04-30,2026,4,mei 2025 - april 2026,Apr 2026,Dienstverlenende beroepen,Schoonmaak- en onderhoudspersoneel,Huishoudhulp-poetshulp,14,vacatures_202604_all.xlsx,0.1
127,2026-04-30,2026,4,mei 2025 - april 2026,Apr 2026,Bouwberoepen,Machinisten en kraanmannen,Bediener van betonnerings- en asfalteringsmachines,14,vacatures_202604_all.xlsx,0.1
128,2026-04-30,2026,4,mei 2025 - april 2026,Apr 2026,Bouwberoepen,Bouwvakkers,Plaatser van soepele vloerbekledingen,14,vacatures_202604_all.xlsx,0.1
129,2026-04-30,2026,4,mei 2025 - april 2026,Apr 2026,Organisatieondersteunende en kennisberoepen,"Medewerkers commerciële strategie, marketing en verkoop",Content marketeer,13,vacatures_202604_all.xlsx,0.1
130,2026-04-30,2026,4,mei 2025 - april 2026,Apr 2026,Organisatieondersteunende en kennisberoepen,"Medewerkers commerciële strategie, marketing en verkoop",Digital sales assistant,13,vacatures_202604_all.xlsx,0.1
131,2026-04-30,2026,4,mei 2025 - april 2026,Apr 2026,Organisatieondersteunende en kennisberoepen,Bedrijfsadviseurs,Milieucoördinator,13,vacatures_202604_all.xlsx,0.1
132,2026-04-30,2026,4,mei 2025 - april 2026,Apr 2026,Industriële beroepen en ambachten,Drukkers,Operator print & sign,13,vacatures_202604_all.xlsx,0.1
133,2026-04-30,2026,4,mei 2025 - april 2026,Apr 2026,Organisatieondersteunende en kennisberoepen,Informatici en ICT-medewerkers,Data engineer,12,vacatures_202604_all.xlsx,0.1
134,2026-04-30,2026,4,mei 2025 - april 2026,Apr 2026,"Land-, tuin- en bosbouw- en visserijberoepen","Land-, tuin- en bosbouwers en vissers",Medewerker tuinbouw,12,vacatures_202604_all.xlsx,0.1
135,2026-04-30,2026,4,mei 2025 - april 2026,Apr 2026,Industriële beroepen en ambachten,Voer- en werktuigherstellers,Onderhoudsmecanicien van personenwagens en lichte bedrijfsvoertuigen,12,vacatures_202604_all.xlsx,0.1
136,2026-04-30,2026,4,mei 2025 - april 2026,Apr 2026,Horecaberoepen,Horecapersoneel,Hulpkok,12,vacatures_202604_all.xlsx,0.1
137,2026-04-30,2026,4,mei 2025 - april 2026,Apr 2026,"Land-, tuin- en bosbouw- en visserijberoepen","Land-, tuin- en bosbouwers en vissers",Verantwoordelijke tuin- en groenaanleg en -onderhoud,12,vacatures_202604_all.xlsx,0.1
138,2026-04-30,2026,4,mei 2025 - april 2026,Apr 2026,Industriële beroepen en ambachten,Technisch leidinggevenden,Teamleader productie,12,vacatures_202604_all.xlsx,0.1
139,2026-04-30,2026,4,mei 2025 - april 2026,Apr 2026,Organisatieondersteunende en kennisberoepen,Administratief medewerkers,Onthaalmedewerker,11,vacatures_202604_all.xlsx,0.1
140,2026-04-30,2026,4,mei 2025 - april 2026,Apr 2026,Organisatieondersteunende en kennisberoepen,Bedrijfsadviseurs,Business analist,11,vacatures_202604_all.xlsx,0.1
141,2026-04-30,2026,4,mei 2025 - april 2026,Apr 2026,Industriële beroepen en ambachten,Professionals in de metaalindustrie,Machinebouwer,11,vacatures_202604_all.xlsx,0.1
142,2026-04-30,2026,4,mei 2025 - april 2026,Apr 2026,Bouwberoepen,Bouwvakkers,Isoleerder ruwbouw en dak,11,vacatures_202604_all.xlsx,0.1
143,2026-04-30,2026,4,mei 2025 - april 2026,Apr 2026,Transport- en logistieke beroepen,Transport- en logistiek personeel,Verantwoordelijke logistieke site,10,vacatures_202604_all.xlsx,0.1
144,2026-04-30,2026,4,mei 2025 - april 2026,Apr 2026,Bouwberoepen,Bouwvakkers,Natuursteenbewerker,10,vacatures_202604_all.xlsx,0.1
145,2026-04-30,2026,4,mei 2025 - april 2026,Apr 2026,Industriële beroepen en ambachten,Industriële technici,Industrieel laborant,10,vacatures_202604_all.xlsx,0.1
146,2026-04-30,2026,4,mei 2025 - april 2026,Apr 2026,Industriële beroepen en ambachten,Professionals in de metaalindustrie,Insteller-omsteller plaatbewerking,10,vacatures_202604_all.xlsx,0.1
147,2026-04-30,2026,4,mei 2025 - april 2026,Apr 2026,Organisatieondersteunende en kennisberoepen,Specialisten kennisbeheer en communicatie,Erfgoedkundige,9,vacatures_202604_all.xlsx,0.1
148,2026-04-30,2026,4,mei 2025 - april 2026,Apr 2026,Industriële beroepen en ambachten,Technisch leidinggevenden,Productiemanager,9,vacatures_202604_all.xlsx,0.1
149,2026-04-30,2026,4,mei 2025 - april 2026,Apr 2026,Bouwberoepen,Bouwvakkers,Gevelreiniger,9,vacatures_202604_all.xlsx,0.1
150,2026-04-30,2026,4,mei 2025 - april 2026,Apr 2026,Industriële beroepen en ambachten,Specialisten chemie en kunststoffen,Procesoperator chemische industrie,9,vacatures_202604_all.xlsx,0.1
151,2026-04-30,2026,4,mei 2025 - april 2026,Apr 2026,Industriële beroepen en ambachten,Industriële technici,Onderhoudstechnicus industriële automatisering,9,vacatures_202604_all.xlsx,0.1
152,2026-04-30,2026,4,mei 2025 - april 2026,Apr 2026,Industriële beroepen en ambachten,Industriële technici,Medewerker kwaliteitscontrole,9,vacatures_202604_all.xlsx,0.1
153,2026-04-30,2026,4,mei 2025 - april 2026,Apr 2026,Bouwberoepen,Bouwtechnici,Bodemonderzoeker,9,vacatures_202604_all.xlsx,0.1
154,2026-04-30,2026,4,mei 2025 - april 2026,Apr 2026,Dienstverlenende beroepen,Ordehandhavers en reddingswerkers,Bewakingsagent,9,vacatures_202604_all.xlsx,0.1
155,2026-04-30,2026,4,mei 2025 - april 2026,Apr 2026,Industriële beroepen en ambachten,Technisch leidinggevenden,Verantwoordelijke beheer en onderhoud van voertuigen,8,vacatures_202604_all.xlsx,0.0
156,2026-04-30,2026,4,mei 2025 - april 2026,Apr 2026,Organisatieondersteunende en kennisberoepen,Informatici en ICT-medewerkers,Software analist,8,vacatures_202604_all.xlsx,0.0
157,2026-04-30,2026,4,mei 2025 - april 2026,Apr 2026,Bouwberoepen,Bouwvakkers,Dekvloerlegger,8,vacatures_202604_all.xlsx,0.0
158,2026-04-30,2026,4,mei 2025 - april 2026,Apr 2026,Horecaberoepen,Horecapersoneel,Keukenmedewerker,8,vacatures_202604_all.xlsx,0.0
159,2026-04-30,2026,4,mei 2025 - april 2026,Apr 2026,Organisatieondersteunende en kennisberoepen,Informatici en ICT-medewerkers,Netwerkbeheerder,8,vacatures_202604_all.xlsx,0.0
160,2026-04-30,2026,4,mei 2025 - april 2026,Apr 2026,Bouwberoepen,Machinisten en kraanmannen,Bediener machines verticale boringen,8,vacatures_202604_all.xlsx,0.0
161,2026-04-30,2026,4,mei 2025 - april 2026,Apr 2026,Horecaberoepen,Horecapersoneel,Kok,8,vacatures_202604_all.xlsx,0.0
162,2026-04-30,2026,4,mei 2025 - april 2026,Apr 2026,Dienstverlenende beroepen,Medewerkers in finance,Accountmanager in de financiële sector,8,vacatures_202604_all.xlsx,0.0
163,2026-04-30,2026,4,mei 2025 - april 2026,Apr 2026,Bouwberoepen,Bouwvakkers,Technicus hernieuwbare energietechnieken,7,vacatures_202604_all.xlsx,0.0
164,2026-04-30,2026,4,mei 2025 - april 2026,Apr 2026,Organisatieondersteunende en kennisberoepen,Leidinggevenden,Sales manager,7,vacatures_202604_all.xlsx,0.0
165,2026-04-30,2026,4,mei 2025 - april 2026,Apr 2026,Dienstverlenende beroepen,Ordehandhavers en reddingswerkers,Politieagent,7,vacatures_202604_all.xlsx,0.0
166,2026-04-30,2026,4,mei 2025 - april 2026,Apr 2026,Dienstverlenende beroepen,Persoonlijke dienstverleners,Kapper,7,vacatures_202604_all.xlsx,0.0
167,2026-04-30,2026,4,mei 2025 - april 2026,Apr 2026,Dienstverlenende beroepen,Experts vastgoed,Vastgoedpromotor,7,vacatures_202604_all.xlsx,0.0
168,2026-04-30,2026,4,mei 2025 - april 2026,Apr 2026,Organisatieondersteunende en kennisberoepen,"Medewerkers commerciële strategie, marketing en verkoop",Accountmanager sales,7,vacatures_202604_all.xlsx,0.0
169,2026-04-30,2026,4,mei 2025 - april 2026,Apr 2026,Organisatieondersteunende en kennisberoepen,"Medewerkers commerciële strategie, marketing en verkoop",Business developer,7,vacatures_202604_all.xlsx,0.0
170,2026-04-30,2026,4,mei 2025 - april 2026,Apr 2026,Bouwberoepen,Bouwvakkers,Installateur elektrotechnische basiscomponenten,7,vacatures_202604_all.xlsx,0.0
171,2026-04-30,2026,4,mei 2025 - april 2026,Apr 2026,Industriële beroepen en ambachten,Tekenaars en vormgevers,Productontwikkelaar,7,vacatures_202604_all.xlsx,0.0
172,2026-04-30,2026,4,mei 2025 - april 2026,Apr 2026,Organisatieondersteunende en kennisberoepen,"Medewerkers commerciële strategie, marketing en verkoop",Digital marketeer,6,vacatures_202604_all.xlsx,0.0
173,2026-04-30,2026,4,mei 2025 - april 2026,Apr 2026,Dienstverlenende beroepen,Schoonmaak- en onderhoudspersoneel,Industrieel reiniger,6,vacatures_202604_all.xlsx,0.0
174,2026-04-30,2026,4,mei 2025 - april 2026,Apr 2026,Organisatieondersteunende en kennisberoepen,Informatici en ICT-medewerkers,Systeembeheerder,6,vacatures_202604_all.xlsx,0.0
175,2026-04-30,2026,4,mei 2025 - april 2026,Apr 2026,Bouwberoepen,Bouwtechnici,Expert technische controle en keuring bouw,6,vacatures_202604_all.xlsx,0.0
176,2026-04-30,2026,4,mei 2025 - april 2026,Apr 2026,Organisatieondersteunende en kennisberoepen,Specialisten kennisbeheer en communicatie,Medewerker communicatie,6,vacatures_202604_all.xlsx,0.0
177,2026-04-30,2026,4,mei 2025 - april 2026,Apr 2026,Horecaberoepen,Horecapersoneel,Kelner,6,vacatures_202604_all.xlsx,0.0
178,2026-04-30,2026,4,mei 2025 - april 2026,Apr 2026,Transport- en logistieke beroepen,Transport- en logistiek personeel,Verhuizer,6,vacatures_202604_all.xlsx,0.0
179,2026-04-30,2026,4,mei 2025 - april 2026,Apr 2026,Bouwberoepen,Bouwtechnici,BIM-expert (Building Information Modeling),6,vacatures_202604_all.xlsx,0.0
180,2026-04-30,2026,4,mei 2025 - april 2026,Apr 2026,Industriële beroepen en ambachten,Voer- en werktuigherstellers,Werktuigkundige scheepvaart,5,vacatures_202604_all.xlsx,0.0
181,2026-04-30,2026,4,mei 2025 - april 2026,Apr 2026,Organisatieondersteunende en kennisberoepen,Leidinggevenden,Verantwoordelijke ICT,5,vacatures_202604_all.xlsx,0.0
182,2026-04-30,2026,4,mei 2025 - april 2026,Apr 2026,Dienstverlenende beroepen,Experts vastgoed,Vastgoedbemiddelaar verkoop en verhuur,5,vacatures_202604_all.xlsx,0.0
183,2026-04-30,2026,4,mei 2025 - april 2026,Apr 2026,Industriële beroepen en ambachten,Diverse productiemedewerkers en operatoren,Productieoperator bouw- en prefabmaterialen,5,vacatures_202604_all.xlsx,0.0
184,2026-04-30,2026,4,mei 2025 - april 2026,Apr 2026,Organisatieondersteunende en kennisberoepen,Onderzoeksmedewerkers en beleidsexperten,Wetenschappelijk onderzoeker,5,vacatures_202604_all.xlsx,0.0
185,2026-04-30,2026,4,mei 2025 - april 2026,Apr 2026,Industriële beroepen en ambachten,Industriële technici,Onderhoudstechnicus waterdistributie en sanering,5,vacatures_202604_all.xlsx,0.0
186,2026-04-30,2026,4,mei 2025 - april 2026,Apr 2026,Transport- en logistieke beroepen,Transport- en logistiek personeel,Dispatcher personenvervoer,5,vacatures_202604_all.xlsx,0.0
187,2026-04-30,2026,4,mei 2025 - april 2026,Apr 2026,Onbekend,Onbekend,Onbekend,4,vacatures_202604_all.xlsx,0.0
188,2026-04-30,2026,4,mei 2025 - april 2026,Apr 2026,Organisatieondersteunende en kennisberoepen,Informatici en ICT-medewerkers,Game-ontwikkelaar,4,vacatures_202604_all.xlsx,0.0
189,2026-04-30,2026,4,mei 2025 - april 2026,Apr 2026,Horecaberoepen,Horecapersoneel,Polyvalent hotelmedewerker,4,vacatures_202604_all.xlsx,0.0
190,2026-04-30,2026,4,mei 2025 - april 2026,Apr 2026,Bouwberoepen,Bouwtechnici,Energiedeskundige gebouwen,4,vacatures_202604_all.xlsx,0.0
191,2026-04-30,2026,4,mei 2025 - april 2026,Apr 2026,Industriële beroepen en ambachten,Medewerkers houtindustrie,Productieoperator hout,4,vacatures_202604_all.xlsx,0.0
192,2026-04-30,2026,4,mei 2025 - april 2026,Apr 2026,Organisatieondersteunende en kennisberoepen,"Medewerkers commerciële strategie, marketing en verkoop",Marketing assistent,4,vacatures_202604_all.xlsx,0.0
193,2026-04-30,2026,4,mei 2025 - april 2026,Apr 2026,Organisatieondersteunende en kennisberoepen,Accountants,Dossierbeheerder accountancy,4,vacatures_202604_all.xlsx,0.0
194,2026-04-30,2026,4,mei 2025 - april 2026,Apr 2026,Dienstverlenende beroepen,Medewerkers in finance,Financieel analist,4,vacatures_202604_all.xlsx,0.0
195,2026-04-30,2026,4,mei 2025 - april 2026,Apr 2026,Industriële beroepen en ambachten,Voer- en werktuigherstellers,Spuiter carrosserie,4,vacatures_202604_all.xlsx,0.0
196,2026-04-30,2026,4,mei 2025 - april 2026,Apr 2026,Bouwberoepen,Bouwtechnici,Landschapsarchitect,4,vacatures_202604_all.xlsx,0.0
197,2026-04-30,2026,4,mei 2025 - april 2026,Apr 2026,Bouwberoepen,Bouwvakkers,Onderhoudsmedewerker wegennet,4,vacatures_202604_all.xlsx,0.0
198,2026-04-30,2026,4,mei 2025 - april 2026,Apr 2026,Industriële beroepen en ambachten,Technisch leidinggevenden,Verantwoordelijke onderzoek en ontwikkeling,4,vacatures_202604_all.xlsx,0.0
199,2026-04-30,2026,4,mei 2025 - april 2026,Apr 2026,Horecaberoepen,Horecapersoneel,Medewerker fastfood,3,vacatures_202604_all.xlsx,0.0
200,2026-04-30,2026,4,mei 2025 - april 2026,Apr 2026,Industriële beroepen en ambachten,Bewerkers van voeding,Productieoperator voedingsindustrie,3,vacatures_202604_all.xlsx,0.0
201,2026-04-30,2026,4,mei 2025 - april 2026,Apr 2026,Industriële beroepen en ambachten,Drukkers,Productiemedewerker drukafwerking,3,vacatures_202604_all.xlsx,0.0
202,2026-04-30,2026,4,mei 2025 - april 2026,Apr 2026,Transport- en logistieke beroepen,"Werknemers spoor-, water-, luchttransport",Schipper-stuurman binnenscheepvaart,3,vacatures_202604_all.xlsx,0.0
203,2026-04-30,2026,4,mei 2025 - april 2026,Apr 2026,Industriële beroepen en ambachten,Voer- en werktuigherstellers,OAD-technicus van personenwagens en lichte bedrijfsvoertuigen,3,vacatures_202604_all.xlsx,0.0
204,2026-04-30,2026,4,mei 2025 - april 2026,Apr 2026,Organisatieondersteunende en kennisberoepen,Informatici en ICT-medewerkers,Data manager,3,vacatures_202604_all.xlsx,0.0
205,2026-04-30,2026,4,mei 2025 - april 2026,Apr 2026,Industriële beroepen en ambachten,Bewerkers van voeding,Charcutier,3,vacatures_202604_all.xlsx,0.0
206,2026-04-30,2026,4,mei 2025 - april 2026,Apr 2026,Bouwberoepen,Bouwvakkers,Installateur gebouwenautomatisering,3,vacatures_202604_all.xlsx,0.0
207,2026-04-30,2026,4,mei 2025 - april 2026,Apr 2026,Industriële beroepen en ambachten,Technisch leidinggevenden,Verantwoordelijke productieproces en -methodes,3,vacatures_202604_all.xlsx,0.0
208,2026-04-30,2026,4,mei 2025 - april 2026,Apr 2026,Pedagogische beroepen,Onderwijzend en leidinggevend personeel in onderwijs,Pedagogisch coördinator,3,vacatures_202604_all.xlsx,0.0
209,2026-04-30,2026,4,mei 2025 - april 2026,Apr 2026,Industriële beroepen en ambachten,Medewerkers houtindustrie,Machinaal houtbewerker,3,vacatures_202604_all.xlsx,0.0
210,2026-04-30,2026,4,mei 2025 - april 2026,Apr 2026,Handels- en verkoopberoepen,Verkooppersoneel,Winkelmedewerker,3,vacatures_202604_all.xlsx,0.0
211,2026-04-30,2026,4,mei 2025 - april 2026,Apr 2026,Organisatieondersteunende en kennisberoepen,Onderzoeksmedewerkers en beleidsexperten,Marktonderzoeker,3,vacatures_202604_all.xlsx,0.0
212,2026-04-30,2026,4,mei 2025 - april 2026,Apr 2026,Dienstverlenende beroepen,Medewerkers in finance,Adviseur kredieten,3,vacatures_202604_all.xlsx,0.0
213,2026-04-30,2026,4,mei 2025 - april 2026,Apr 2026,Transport- en logistieke beroepen,Transport- en logistiek personeel,Koerier besteller,3,vacatures_202604_all.xlsx,0.0
214,2026-04-30,2026,4,mei 2025 - april 2026,Apr 2026,Organisatieondersteunende en kennisberoepen,Leidinggevenden,Verantwoordelijke aankoop,3,vacatures_202604_all.xlsx,0.0
215,2026-04-30,2026,4,mei 2025 - april 2026,Apr 2026,Horecaberoepen,Horecapersoneel,Keukenverantwoordelijke,3,vacatures_202604_all.xlsx,0.0
216,2026-04-30,2026,4,mei 2025 - april 2026,Apr 2026,Bouwberoepen,Bouwvakkers,Onderwaterwerker,2,vacatures_202604_all.xlsx,0.0
217,2026-04-30,2026,4,mei 2025 - april 2026,Apr 2026,Transport- en logistieke beroepen,Transport- en logistiek personeel,Medewerker internationaal goederenverkeer,2,vacatures_202604_all.xlsx,0.0
218,2026-04-30,2026,4,mei 2025 - april 2026,Apr 2026,Transport- en logistieke beroepen,"Werknemers spoor-, water-, luchttransport",Behandelaar luchtvracht en bagage,2,vacatures_202604_all.xlsx,0.0
219,2026-04-30,2026,4,mei 2025 - april 2026,Apr 2026,Transport- en logistieke beroepen,"Werknemers spoor-, water-, luchttransport",Havenarbeider,2,vacatures_202604_all.xlsx,0.0
220,2026-04-30,2026,4,mei 2025 - april 2026,Apr 2026,Pedagogische beroepen,Onderwijzend en leidinggevend personeel in onderwijs,Opleider volwassenen,2,vacatures_202604_all.xlsx,0.0
221,2026-04-30,2026,4,mei 2025 - april 2026,Apr 2026,Dienstverlenende beroepen,Medewerkers in finance,Back-office medewerker in de financiële sector,2,vacatures_202604_all.xlsx,0.0
222,2026-04-30,2026,4,mei 2025 - april 2026,Apr 2026,Organisatieondersteunende en kennisberoepen,Informatici en ICT-medewerkers,Netwerk engineer telecom,2,vacatures_202604_all.xlsx,0.0
223,2026-04-30,2026,4,mei 2025 - april 2026,Apr 2026,Dienstverlenende beroepen,Schoonmaak- en onderhoudspersoneel,Recyclageparkwachter,2,vacatures_202604_all.xlsx,0.0
224,2026-04-30,2026,4,mei 2025 - april 2026,Apr 2026,Handels- en verkoopberoepen,Verkooppersoneel,Assistent winkelmanager,2,vacatures_202604_all.xlsx,0.0
225,2026-04-30,2026,4,mei 2025 - april 2026,Apr 2026,"Land-, tuin- en bosbouw- en visserijberoepen","Land-, tuin- en bosbouwers en vissers",Boomverzorger,2,vacatures_202604_all.xlsx,0.0
226,2026-04-30,2026,4,mei 2025 - april 2026,Apr 2026,Handels- en verkoopberoepen,Verkooppersoneel,"Verhuurder van gereedschappen, transportmiddelen of vrijetijdsmaterieel",2,vacatures_202604_all.xlsx,0.0
227,2026-04-30,2026,4,mei 2025 - april 2026,Apr 2026,Handels- en verkoopberoepen,Verkooppersoneel,Winkelmanager,2,vacatures_202604_all.xlsx,0.0
228,2026-04-30,2026,4,mei 2025 - april 2026,Apr 2026,Industriële beroepen en ambachten,Medewerkers houtindustrie,Medewerker assemblage houten verpakkingen en palletten,2,vacatures_202604_all.xlsx,0.0
229,2026-04-30,2026,4,mei 2025 - april 2026,Apr 2026,Industriële beroepen en ambachten,Beoefenaars van ambachten,Ambachtelijk metaalbewerker,2,vacatures_202604_all.xlsx,0.0
230,2026-04-30,2026,4,mei 2025 - april 2026,Apr 2026,Industriële beroepen en ambachten,Diverse productiemedewerkers en operatoren,Operator glasbewerking,2,vacatures_202604_all.xlsx,0.0
231,2026-04-30,2026,4,mei 2025 - april 2026,Apr 2026,Dienstverlenende beroepen,Juridische dienstverleners,Juridisch medewerker,2,vacatures_202604_all.xlsx,0.0
232,2026-04-30,2026,4,mei 2025 - april 2026,Apr 2026,Industriële beroepen en ambachten,Tekenaars en vormgevers,Grafisch vormgever,2,vacatures_202604_all.xlsx,0.0
233,2026-04-30,2026,4,mei 2025 - april 2026,Apr 2026,Industriële beroepen en ambachten,Beoefenaars van ambachten,Decorateur van kunst- en artisanale objecten,2,vacatures_202604_all.xlsx,0.0
234,2026-04-30,2026,4,mei 2025 - april 2026,Apr 2026,Organisatieondersteunende en kennisberoepen,Controleurs en inspecteurs,Technisch inspecteur industrie,2,vacatures_202604_all.xlsx,0.0
235,2026-04-30,2026,4,mei 2025 - april 2026,Apr 2026,Industriële beroepen en ambachten,Drukkers,Productiemedewerker drukken,2,vacatures_202604_all.xlsx,0.0
236,2026-04-30,2026,4,mei 2025 - april 2026,Apr 2026,Industriële beroepen en ambachten,Bewerkers van voeding,Uitsnijder-uitbener,2,vacatures_202604_all.xlsx,0.0
237,2026-04-30,2026,4,mei 2025 - april 2026,Apr 2026,Dienstverlenende beroepen,Experts vastgoed,Rentmeester,2,vacatures_202604_all.xlsx,0.0
238,2026-04-30,2026,4,mei 2025 - april 2026,Apr 2026,Dienstverlenende beroepen,Persoonlijke dienstverleners,Schoonheidsspecialist,1,vacatures_202604_all.xlsx,0.0
239,2026-04-30,2026,4,mei 2025 - april 2026,Apr 2026,Organisatieondersteunende en kennisberoepen,Specialisten kennisbeheer en communicatie,Social media manager,1,vacatures_202604_all.xlsx,0.0
240,2026-04-30,2026,4,mei 2025 - april 2026,Apr 2026,Transport- en logistieke beroepen,Bestuurders in het wegtransport,Bestuurder van sleepvoertuigen,1,vacatures_202604_all.xlsx,0.0
241,2026-04-30,2026,4,mei 2025 - april 2026,Apr 2026,Industriële beroepen en ambachten,Specialisten chemie en kunststoffen,Productiemedewerker kunststofverwerking,1,vacatures_202604_all.xlsx,0.0
242,2026-04-30,2026,4,mei 2025 - april 2026,Apr 2026,Transport- en logistieke beroepen,Bestuurders in het wegtransport,Taxichauffeur en chauffeur privévervoer,1,vacatures_202604_all.xlsx,0.0
243,2026-04-30,2026,4,mei 2025 - april 2026,Apr 2026,Bouwberoepen,Machinisten en kraanmannen,Bediener of medewerker diepfunderingsmachines,1,vacatures_202604_all.xlsx,0.0
244,2026-04-30,2026,4,mei 2025 - april 2026,Apr 2026,Dienstverlenende beroepen,Schoonmaak- en onderhoudspersoneel,Ruitenwasser,1,vacatures_202604_all.xlsx,0.0
245,2026-04-30,2026,4,mei 2025 - april 2026,Apr 2026,Organisatieondersteunende en kennisberoepen,Specialisten kennisbeheer en communicatie,Journalist-redacteur,1,vacatures_202604_all.xlsx,0.0
246,2026-04-30,2026,4,mei 2025 - april 2026,Apr 2026,Transport- en logistieke beroepen,"Werknemers spoor-, water-, luchttransport",Bemanning zeevaart,1,vacatures_202604_all.xlsx,0.0
247,2026-04-30,2026,4,mei 2025 - april 2026,Apr 2026,Transport- en logistieke beroepen,"Werknemers spoor-, water-, luchttransport",Gezagvoerder zeevaart,1,vacatures_202604_all.xlsx,0.0
248,2026-04-30,2026,4,mei 2025 - april 2026,Apr 2026,Transport- en logistieke beroepen,"Werknemers spoor-, water-, luchttransport",Planner goederenbehandeling in de haven,1,vacatures_202604_all.xlsx,0.0
249,2026-04-30,2026,4,mei 2025 - april 2026,Apr 2026,Vrijetijds- en artistieke beroepen,"Artiesten, kunstenaars en andere culturele beroepen",Decorbouwer-rekwisiteur,1,vacatures_202604_all.xlsx,0.0
250,2026-04-30,2026,4,mei 2025 - april 2026,Apr 2026,Industriële beroepen en ambachten,Industriële technici,"Technicus veiligheid, hygiëne en leefmilieu",1,vacatures_202604_all.xlsx,0.0
251,2026-04-30,2026,4,mei 2025 - april 2026,Apr 2026,Industriële beroepen en ambachten,Specialisten chemie en kunststoffen,Productieoperator-machineregelaar kunststoffen,1,vacatures_202604_all.xlsx,0.0
252,2026-04-30,2026,4,mei 2025 - april 2026,Apr 2026,Dienstverlenende beroepen,Persoonlijke dienstverleners,Dierenverzorger,1,vacatures_202604_all.xlsx,0.0
253,2026-04-30,2026,4,mei 2025 - april 2026,Apr 2026,Dienstverlenende beroepen,Persoonlijke dienstverleners,Dierentrimmer,1,vacatures_202604_all.xlsx,0.0
254,2026-04-30,2026,4,mei 2025 - april 2026,Apr 2026,Organisatieondersteunende en kennisberoepen,Leidinggevenden,E-commerce manager,1,vacatures_202604_all.xlsx,0.0
255,2026-04-30,2026,4,mei 2025 - april 2026,Apr 2026,Organisatieondersteunende en kennisberoepen,Bedrijfsadviseurs,Mediabuyer,1,vacatures_202604_all.xlsx,0.0
256,2026-04-30,2026,4,mei 2025 - april 2026,Apr 2026,Organisatieondersteunende en kennisberoepen,Bedrijfsadviseurs,Compliance officer,1,vacatures_202604_all.xlsx,0.0
257,2026-04-30,2026,4,mei 2025 - april 2026,Apr 2026,Organisatieondersteunende en kennisberoepen,Leidinggevenden,Verantwoordelijke klantendienst,1,vacatures_202604_all.xlsx,0.0
258,2026-04-30,2026,4,mei 2025 - april 2026,Apr 2026,Dienstverlenende beroepen,Medewerkers in finance,Beheerder verzekeringen,1,vacatures_202604_all.xlsx,0.0
259,2026-04-30,2026,4,mei 2025 - april 2026,Apr 2026,"Medische, paramedische en verzorgende beroepen","Verpleegkundigen, vroedvrouwen en zorgpersoneel",Persoonlijk assistent,1,vacatures_202604_all.xlsx,0.0
260,2026-04-30,2026,4,mei 2025 - april 2026,Apr 2026,Vrijetijds- en artistieke beroepen,"Medewerkers bij toerisme, vrije tijd en sport",Eventmanager,1,vacatures_202604_all.xlsx,0.0
261,2026-04-30,2026,4,mei 2025 - april 2026,Apr 2026,Organisatieondersteunende en kennisberoepen,"Medewerkers commerciële strategie, marketing en verkoop",Productmanager,1,vacatures_202604_all.xlsx,0.0
262,2026-04-30,2026,4,mei 2025 - april 2026,Apr 2026,Dienstverlenende beroepen,Persoonlijke dienstverleners,Conciërge,1,vacatures_202604_all.xlsx,0.0
263,2026-04-30,2026,4,mei 2025 - april 2026,Apr 2026,Industriële beroepen en ambachten,Voer- en werktuigherstellers,Technicus van bromfietsen en motorfietsen,1,vacatures_202604_all.xlsx,0.0
264,2026-04-30,2026,4,mei 2025 - april 2026,Apr 2026,Industriële beroepen en ambachten,Voer- en werktuigherstellers,OD-technicus van zware bedrijfsvoertuigen,1,vacatures_202604_all.xlsx,0.0
265,2026-04-30,2026,4,mei 2025 - april 2026,Apr 2026,Transport- en logistieke beroepen,Transport- en logistiek personeel,Heftruckchauffeur,0,vacatures_202604_all.xlsx,0.0
266,2026-04-30,2026,4,mei 2025 - april 2026,Apr 2026,Dienstverlenende beroepen,Experts vastgoed,Syndicus,0,vacatures_202604_all.xlsx,0.0
267,2026-04-30,2026,4,mei 2025 - april 2026,Apr 2026,Dienstverlenende beroepen,Experts vastgoed,Vastgoedbemiddelaar overdracht,0,vacatures_202604_all.xlsx,0.0
268,2026-04-30,2026,4,mei 2025 - april 2026,Apr 2026,Organisatieondersteunende en kennisberoepen,Leidinggevenden,Leidinggevende milieuzorg en sanering,0,vacatures_202604_all.xlsx,0.0
269,2026-04-30,2026,4,mei 2025 - april 2026,Apr 2026,Dienstverlenende beroepen,Schoonmaak- en onderhoudspersoneel,Leidinggevende schoonmaak,0,vacatures_202604_all.xlsx,0.0
270,2026-04-30,2026,4,mei 2025 - april 2026,Apr 2026,Dienstverlenende beroepen,Schoonmaak- en onderhoudspersoneel,Milieuwerker,0,vacatures_202604_all.xlsx,0.0
271,2026-04-30,2026,4,mei 2025 - april 2026,Apr 2026,"Land-, tuin- en bosbouw- en visserijberoepen","Land-, tuin- en bosbouwers en vissers",Bestuurder van bosexploitatiemachines,0,vacatures_202604_all.xlsx,0.0
272,2026-04-30,2026,4,mei 2025 - april 2026,Apr 2026,Industriële beroepen en ambachten,Beoefenaars van ambachten,Ambachtelijk glasbewerker,0,vacatures_202604_all.xlsx,0.0
273,2026-04-30,2026,4,mei 2025 - april 2026,Apr 2026,Industriële beroepen en ambachten,Voer- en werktuigherstellers,Plaatwerker carrosserie,0,vacatures_202604_all.xlsx,0.0
274,2026-04-30,2026,4,mei 2025 - april 2026,Apr 2026,Dienstverlenende beroepen,Medewerkers in finance,Underwriter verzekeringen,0,vacatures_202604_all.xlsx,0.0
275,2026-04-30,2026,4,mei 2025 - april 2026,Apr 2026,"Land-, tuin- en bosbouw- en visserijberoepen","Land-, tuin- en bosbouwers en vissers",Medewerker loonwerk,0,vacatures_202604_all.xlsx,0.0
276,2026-04-30,2026,4,mei 2025 - april 2026,Apr 2026,"Land-, tuin- en bosbouw- en visserijberoepen","Land-, tuin- en bosbouwers en vissers",Medewerker landbouw,0,vacatures_202604_all.xlsx,0.0
277,2026-04-30,2026,4,mei 2025 - april 2026,Apr 2026,Industriële beroepen en ambachten,Medewerkers houtindustrie,Operator in de houtzagerij,0,vacatures_202604_all.xlsx,0.0
