period_end,period_year,period_month,period_label,period_short,vacatures
2016-01-31,2016,1,januari 2016,Jan 2016,1988
2016-02-29,2016,2,februari 2016,Feb 2016,2062
2016-03-31,2016,3,maart 2016,Mrt 2016,2383
2016-04-30,2016,4,april 2016,Apr 2016,2479
2016-05-31,2016,5,mei 2016,Mei 2016,2558
2016-06-30,2016,6,juni 2016,Jun 2016,2853
2016-07-31,2016,7,juli 2016,Jul 2016,2577
2016-08-31,2016,8,augustus 2016,Aug 2016,2610
2016-09-30,2016,9,september 2016,Sep 2016,3199
2016-10-31,2016,10,oktober 2016,Okt 2016,3189
2016-11-30,2016,11,november 2016,Nov 2016,3131
2016-12-31,2016,12,december 2016,Dec 2016,3427
2017-01-31,2017,1,januari 2017,Jan 2017,3256
2017-02-28,2017,2,februari 2017,Feb 2017,3255
2017-03-31,2017,3,maart 2017,Mrt 2017,3383
2017-04-30,2017,4,april 2017,Apr 2017,3310
2017-05-31,2017,5,mei 2017,Mei 2017,3901
2017-06-30,2017,6,juni 2017,Jun 2017,3815
2017-07-31,2017,7,juli 2017,Jul 2017,3455
2017-08-31,2017,8,augustus 2017,Aug 2017,3898
2017-09-30,2017,9,september 2017,Sep 2017,4349
2017-10-31,2017,10,oktober 2017,Okt 2017,4367
2017-11-30,2017,11,november 2017,Nov 2017,4069
2017-12-31,2017,12,december 2017,Dec 2017,3742
2018-01-31,2018,1,januari 2018,Jan 2018,4485
2018-02-28,2018,2,februari 2018,Feb 2018,4397
2018-03-31,2018,3,maart 2018,Mrt 2018,4494
2018-04-30,2018,4,april 2018,Apr 2018,6966
2018-05-31,2018,5,mei 2018,Mei 2018,5225
2018-06-30,2018,6,juni 2018,Jun 2018,5578
2018-07-31,2018,7,juli 2018,Jul 2018,5374
2018-08-31,2018,8,augustus 2018,Aug 2018,4994
2018-09-30,2018,9,september 2018,Sep 2018,6337
2018-10-31,2018,10,oktober 2018,Okt 2018,4825
2018-11-30,2018,11,november 2018,Nov 2018,5290
2018-12-31,2018,12,december 2018,Dec 2018,5162
2019-01-31,2019,1,januari 2019,Jan 2019,5554
2019-02-28,2019,2,februari 2019,Feb 2019,4912
2019-03-31,2019,3,maart 2019,Mrt 2019,5003
2019-04-30,2019,4,april 2019,Apr 2019,4694
2019-05-31,2019,5,mei 2019,Mei 2019,4716
2019-06-30,2019,6,juni 2019,Jun 2019,4793
2019-07-31,2019,7,juli 2019,Jul 2019,4506
2019-08-31,2019,8,augustus 2019,Aug 2019,4725
2019-09-30,2019,9,september 2019,Sep 2019,5163
2019-10-31,2019,10,oktober 2019,Okt 2019,5343
2019-11-30,2019,11,november 2019,Nov 2019,4978
2019-12-31,2019,12,december 2019,Dec 2019,4625
2020-01-31,2020,1,januari 2020,Jan 2020,5179
2020-02-29,2020,2,februari 2020,Feb 2020,5220
2020-03-31,2020,3,maart 2020,Mrt 2020,4717
2020-04-30,2020,4,april 2020,Apr 2020,3984
2020-05-31,2020,5,mei 2020,Mei 2020,3673
2020-06-30,2020,6,juni 2020,Jun 2020,3986
2020-07-31,2020,7,juli 2020,Jul 2020,4094
2020-08-31,2020,8,augustus 2020,Aug 2020,4274
2020-09-30,2020,9,september 2020,Sep 2020,4725
2020-10-31,2020,10,oktober 2020,Okt 2020,4599
2020-11-30,2020,11,november 2020,Nov 2020,4622
2020-12-31,2020,12,december 2020,Dec 2020,4567
2021-01-31,2021,1,januari 2021,Jan 2021,4696
2021-02-28,2021,2,februari 2021,Feb 2021,5013
2021-03-31,2021,3,maart 2021,Mrt 2021,5454
2021-04-30,2021,4,april 2021,Apr 2021,5479
2021-05-31,2021,5,mei 2021,Mei 2021,5588
2021-06-30,2021,6,juni 2021,Jun 2021,6111
2021-07-31,2021,7,juli 2021,Jul 2021,6130
2021-08-31,2021,8,augustus 2021,Aug 2021,6336
2021-09-30,2021,9,september 2021,Sep 2021,6708
2021-10-31,2021,10,oktober 2021,Okt 2021,6669
2021-11-30,2021,11,november 2021,Nov 2021,6968
2021-12-31,2021,12,december 2021,Dec 2021,6778
2022-01-31,2022,1,januari 2022,Jan 2022,6797
2022-02-28,2022,2,februari 2022,Feb 2022,7187
2022-03-31,2022,3,maart 2022,Mrt 2022,7576
2022-04-30,2022,4,april 2022,Apr 2022,7712
2022-05-31,2022,5,mei 2022,Mei 2022,8740
2022-06-30,2022,6,juni 2022,Jun 2022,8906
2022-07-31,2022,7,juli 2022,Jul 2022,8233
2022-08-31,2022,8,augustus 2022,Aug 2022,7703
2022-09-30,2022,9,september 2022,Sep 2022,7753
2022-10-31,2022,10,oktober 2022,Okt 2022,7628
2022-11-30,2022,11,november 2022,Nov 2022,7651
2022-12-31,2022,12,december 2022,Dec 2022,7000
2023-01-31,2023,1,januari 2023,Jan 2023,7120
2023-02-28,2023,2,februari 2023,Feb 2023,7467
2023-03-31,2023,3,maart 2023,Mrt 2023,7546
2023-04-30,2023,4,april 2023,Apr 2023,7312
2023-05-31,2023,5,mei 2023,Mei 2023,7558
2023-06-30,2023,6,juni 2023,Jun 2023,7507
2023-07-31,2023,7,juli 2023,Jul 2023,6854
2023-08-31,2023,8,augustus 2023,Aug 2023,7042
2023-09-30,2023,9,september 2023,Sep 2023,6929
2023-10-31,2023,10,oktober 2023,Okt 2023,7120
2023-11-30,2023,11,november 2023,Nov 2023,7044
2023-12-31,2023,12,december 2023,Dec 2023,6457
2024-01-31,2024,1,januari 2024,Jan 2024,6861
2024-02-29,2024,2,februari 2024,Feb 2024,6884
2024-03-31,2024,3,maart 2024,Mrt 2024,6839
2024-04-30,2024,4,april 2024,Apr 2024,6729
2024-05-31,2024,5,mei 2024,Mei 2024,6360
2024-06-30,2024,6,juni 2024,Jun 2024,5891
2024-07-31,2024,7,juli 2024,Jul 2024,5774
2024-08-31,2024,8,augustus 2024,Aug 2024,5887
2024-09-30,2024,9,september 2024,Sep 2024,6191
2024-10-31,2024,10,oktober 2024,Okt 2024,6243
2024-11-30,2024,11,november 2024,Nov 2024,6073
2024-12-31,2024,12,december 2024,Dec 2024,5588
2025-01-31,2025,1,januari 2025,Jan 2025,6038
2025-02-28,2025,2,februari 2025,Feb 2025,5983
2025-03-31,2025,3,maart 2025,Mrt 2025,6240
2025-04-30,2025,4,april 2025,Apr 2025,6047
2025-05-31,2025,5,mei 2025,Mei 2025,5963
2025-06-30,2025,6,juni 2025,Jun 2025,5733
2025-07-31,2025,7,juli 2025,Jul 2025,5403
2025-08-31,2025,8,augustus 2025,Aug 2025,5361
2025-09-30,2025,9,september 2025,Sep 2025,5677
2025-10-31,2025,10,oktober 2025,Okt 2025,5850
2025-11-30,2025,11,november 2025,Nov 2025,5453
2025-12-31,2025,12,december 2025,Dec 2025,4883
2026-01-31,2026,1,januari 2026,Jan 2026,4992
2026-02-28,2026,2,februari 2026,Feb 2026,4921
2026-03-31,2026,3,maart 2026,Mrt 2026,4557
2026-04-30,2026,4,april 2026,Apr 2026,4420
