y,r,s,g,a,v
2017,2000,A,F,1,276
2017,2000,A,F,2,937
2017,2000,A,F,3,1481
2017,2000,A,F,4,1938
2017,2000,A,F,5,2009
2017,2000,A,M,1,1448
2017,2000,A,M,2,3229
2017,2000,A,M,3,5253
2017,2000,A,M,4,7765
2017,2000,A,M,5,8185
2017,2000,B,F,2,1
2017,2000,B,F,3,4
2017,2000,B,F,4,7
2017,2000,B,F,5,1
2017,2000,B,M,1,1
2017,2000,B,M,2,12
2017,2000,B,M,3,10
2017,2000,B,M,4,25
2017,2000,B,M,5,23
2017,2000,C,F,1,665
2017,2000,C,F,2,1583
2017,2000,C,F,3,2368
2017,2000,C,F,4,1977
2017,2000,C,F,5,994
2017,2000,C,M,1,1991
2017,2000,C,M,2,5442
2017,2000,C,M,3,7888
2017,2000,C,M,4,8171
2017,2000,C,M,5,4879
2017,2000,D,F,1,8
2017,2000,D,F,2,26
2017,2000,D,F,3,44
2017,2000,D,F,4,30
2017,2000,D,F,5,4
2017,2000,D,M,1,45
2017,2000,D,M,2,72
2017,2000,D,M,3,167
2017,2000,D,M,4,227
2017,2000,D,M,5,125
2017,2000,E,F,1,9
2017,2000,E,F,2,32
2017,2000,E,F,3,67
2017,2000,E,F,4,55
2017,2000,E,F,5,36
2017,2000,E,M,1,53
2017,2000,E,M,2,134
2017,2000,E,M,3,253
2017,2000,E,M,4,304
2017,2000,E,M,5,227
2017,2000,F,F,1,442
2017,2000,F,F,2,1605
2017,2000,F,F,3,2348
2017,2000,F,F,4,1880
2017,2000,F,F,5,788
2017,2000,F,M,1,7299
2017,2000,F,M,2,19597
2017,2000,F,M,3,23535
2017,2000,F,M,4,20091
2017,2000,F,M,5,9635
2017,2000,G,F,1,3092
2017,2000,G,F,2,7413
2017,2000,G,F,3,11540
2017,2000,G,F,4,10788
2017,2000,G,F,5,5503
2017,2000,G,M,1,5306
2017,2000,G,M,2,14306
2017,2000,G,M,3,22113
2017,2000,G,M,4,26172
2017,2000,G,M,5,17243
2017,2000,H,F,1,213
2017,2000,H,F,2,482
2017,2000,H,F,3,849
2017,2000,H,F,4,870
2017,2000,H,F,5,391
2017,2000,H,M,1,1293
2017,2000,H,M,2,2766
2017,2000,H,M,3,3791
2017,2000,H,M,4,4077
2017,2000,H,M,5,2574
2017,2000,I,F,1,1552
2017,2000,I,F,2,3403
2017,2000,I,F,3,4706
2017,2000,I,F,4,3962
2017,2000,I,F,5,2042
2017,2000,I,M,1,2722
2017,2000,I,M,2,6531
2017,2000,I,M,3,8597
2017,2000,I,M,4,7481
2017,2000,I,M,5,3451
2017,2000,J,F,1,405
2017,2000,J,F,2,1287
2017,2000,J,F,3,1601
2017,2000,J,F,4,1014
2017,2000,J,F,5,339
2017,2000,J,M,1,2798
2017,2000,J,M,2,7930
2017,2000,J,M,3,8633
2017,2000,J,M,4,5943
2017,2000,J,M,5,2523
2017,2000,K,F,1,141
2017,2000,K,F,2,562
2017,2000,K,F,3,1085
2017,2000,K,F,4,1432
2017,2000,K,F,5,838
2017,2000,K,M,1,382
2017,2000,K,M,2,1421
2017,2000,K,M,3,2740
2017,2000,K,M,4,4810
2017,2000,K,M,5,4060
2017,2000,L,F,1,677
2017,2000,L,F,2,1612
2017,2000,L,F,3,2630
2017,2000,L,F,4,2810
2017,2000,L,F,5,1873
2017,2000,L,M,1,1073
2017,2000,L,M,2,3357
2017,2000,L,M,3,5663
2017,2000,L,M,4,7049
2017,2000,L,M,5,6033
2017,2000,M,F,1,5381
2017,2000,M,F,2,10746
2017,2000,M,F,3,12439
2017,2000,M,F,4,8837
2017,2000,M,F,5,3365
2017,2000,M,M,1,5851
2017,2000,M,M,2,18196
2017,2000,M,M,3,26471
2017,2000,M,M,4,26426
2017,2000,M,M,5,17288
2017,2000,N,F,1,780
2017,2000,N,F,2,2221
2017,2000,N,F,3,3290
2017,2000,N,F,4,2538
2017,2000,N,F,5,1253
2017,2000,N,M,1,3372
2017,2000,N,M,2,7696
2017,2000,N,M,3,8806
2017,2000,N,M,4,7824
2017,2000,N,M,5,4855
2017,2000,O,F,1,2
2017,2000,O,F,2,14
2017,2000,O,F,3,26
2017,2000,O,F,4,36
2017,2000,O,F,5,24
2017,2000,O,M,1,1
2017,2000,O,M,2,30
2017,2000,O,M,3,66
2017,2000,O,M,4,116
2017,2000,O,M,5,153
2017,2000,P,F,1,958
2017,2000,P,F,2,1728
2017,2000,P,F,3,1841
2017,2000,P,F,4,1427
2017,2000,P,F,5,565
2017,2000,P,M,1,880
2017,2000,P,M,2,1773
2017,2000,P,M,3,2091
2017,2000,P,M,4,2173
2017,2000,P,M,5,1600
2017,2000,Q,F,1,7693
2017,2000,Q,F,2,11135
2017,2000,Q,F,3,10900
2017,2000,Q,F,4,8363
2017,2000,Q,F,5,3179
2017,2000,Q,M,1,1838
2017,2000,Q,M,2,3924
2017,2000,Q,M,3,5915
2017,2000,Q,M,4,8316
2017,2000,Q,M,5,9023
2017,2000,R,F,1,963
2017,2000,R,F,2,2067
2017,2000,R,F,3,2160
2017,2000,R,F,4,1724
2017,2000,R,F,5,852
2017,2000,R,M,1,2332
2017,2000,R,M,2,5504
2017,2000,R,M,3,6662
2017,2000,R,M,4,6377
2017,2000,R,M,5,4172
2017,2000,S,F,1,5406
2017,2000,S,F,2,8568
2017,2000,S,F,3,10042
2017,2000,S,F,4,7981
2017,2000,S,F,5,3207
2017,2000,S,M,1,1931
2017,2000,S,M,2,5932
2017,2000,S,M,3,9447
2017,2000,S,M,4,10934
2017,2000,S,M,5,8319
2017,2000,T,F,2,16
2017,2000,T,F,3,26
2017,2000,T,F,4,31
2017,2000,T,F,5,22
2017,2000,T,M,2,21
2017,2000,T,M,3,81
2017,2000,T,M,4,81
2017,2000,T,M,5,103
2017,2000,U,F,3,2
2017,2000,U,M,3,1
2017,2000,X,F,1,12
2017,2000,X,F,2,16
2017,2000,X,F,3,12
2017,2000,X,F,4,5
2017,2000,X,F,5,2
2017,2000,X,M,1,10
2017,2000,X,M,2,15
2017,2000,X,M,3,13
2017,2000,X,M,4,7
2017,2000,X,M,5,8
2017,3000,A,F,1,163
2017,3000,A,F,2,507
2017,3000,A,F,3,756
2017,3000,A,F,4,1215
2017,3000,A,F,5,1405
2017,3000,A,M,1,1127
2017,3000,A,M,2,2398
2017,3000,A,M,3,3538
2017,3000,A,M,4,5371
2017,3000,A,M,5,4736
2017,3000,B,F,2,10
2017,3000,B,F,3,5
2017,3000,B,F,4,6
2017,3000,B,F,5,5
2017,3000,B,M,1,2
2017,3000,B,M,2,19
2017,3000,B,M,3,28
2017,3000,B,M,4,40
2017,3000,B,M,5,37
2017,3000,C,F,1,218
2017,3000,C,F,2,738
2017,3000,C,F,3,927
2017,3000,C,F,4,792
2017,3000,C,F,5,504
2017,3000,C,M,1,666
2017,3000,C,M,2,2049
2017,3000,C,M,3,3198
2017,3000,C,M,4,3697
2017,3000,C,M,5,2609
2017,3000,D,F,1,4
2017,3000,D,F,2,1
2017,3000,D,F,3,16
2017,3000,D,F,4,21
2017,3000,D,F,5,7
2017,3000,D,M,1,9
2017,3000,D,M,2,33
2017,3000,D,M,3,70
2017,3000,D,M,4,73
2017,3000,D,M,5,83
2017,3000,E,F,2,24
2017,3000,E,F,3,19
2017,3000,E,F,4,37
2017,3000,E,F,5,16
2017,3000,E,M,1,31
2017,3000,E,M,2,116
2017,3000,E,M,3,152
2017,3000,E,M,4,176
2017,3000,E,M,5,191
2017,3000,F,F,1,129
2017,3000,F,F,2,490
2017,3000,F,F,3,723
2017,3000,F,F,4,597
2017,3000,F,F,5,374
2017,3000,F,M,1,2917
2017,3000,F,M,2,8509
2017,3000,F,M,3,11013
2017,3000,F,M,4,9504
2017,3000,F,M,5,4966
2017,3000,G,F,1,1480
2017,3000,G,F,2,3698
2017,3000,G,F,3,5079
2017,3000,G,F,4,4686
2017,3000,G,F,5,2873
2017,3000,G,M,1,2432
2017,3000,G,M,2,6960
2017,3000,G,M,3,10964
2017,3000,G,M,4,11771
2017,3000,G,M,5,8286
2017,3000,H,F,1,35
2017,3000,H,F,2,133
2017,3000,H,F,3,211
2017,3000,H,F,4,214
2017,3000,H,F,5,128
2017,3000,H,M,1,366
2017,3000,H,M,2,842
2017,3000,H,M,3,1351
2017,3000,H,M,4,1400
2017,3000,H,M,5,952
2017,3000,I,F,1,491
2017,3000,I,F,2,1356
2017,3000,I,F,3,1944
2017,3000,I,F,4,1655
2017,3000,I,F,5,958
2017,3000,I,M,1,1135
2017,3000,I,M,2,3083
2017,3000,I,M,3,4260
2017,3000,I,M,4,3647
2017,3000,I,M,5,1935
2017,3000,J,F,1,124
2017,3000,J,F,2,474
2017,3000,J,F,3,507
2017,3000,J,F,4,417
2017,3000,J,F,5,181
2017,3000,J,M,1,709
2017,3000,J,M,2,2754
2017,3000,J,M,3,3379
2017,3000,J,M,4,2415
2017,3000,J,M,5,1325
2017,3000,K,F,1,73
2017,3000,K,F,2,221
2017,3000,K,F,3,389
2017,3000,K,F,4,354
2017,3000,K,F,5,263
2017,3000,K,M,1,193
2017,3000,K,M,2,756
2017,3000,K,M,3,1421
2017,3000,K,M,4,1799
2017,3000,K,M,5,1572
2017,3000,L,F,1,292
2017,3000,L,F,2,601
2017,3000,L,F,3,826
2017,3000,L,F,4,865
2017,3000,L,F,5,634
2017,3000,L,M,1,500
2017,3000,L,M,2,1392
2017,3000,L,M,3,2303
2017,3000,L,M,4,2663
2017,3000,L,M,5,2236
2017,3000,M,F,1,2081
2017,3000,M,F,2,4015
2017,3000,M,F,3,4119
2017,3000,M,F,4,2914
2017,3000,M,F,5,1529
2017,3000,M,M,1,2023
2017,3000,M,M,2,6547
2017,3000,M,M,3,9607
2017,3000,M,M,4,9721
2017,3000,M,M,5,8095
2017,3000,N,F,1,295
2017,3000,N,F,2,964
2017,3000,N,F,3,1396
2017,3000,N,F,4,1186
2017,3000,N,F,5,644
2017,3000,N,M,1,1448
2017,3000,N,M,2,3276
2017,3000,N,M,3,4103
2017,3000,N,M,4,3640
2017,3000,N,M,5,2398
2017,3000,O,F,1,2
2017,3000,O,F,2,11
2017,3000,O,F,3,46
2017,3000,O,F,4,18
2017,3000,O,F,5,28
2017,3000,O,M,1,2
2017,3000,O,M,2,15
2017,3000,O,M,3,72
2017,3000,O,M,4,164
2017,3000,O,M,5,196
2017,3000,P,F,1,345
2017,3000,P,F,2,858
2017,3000,P,F,3,1012
2017,3000,P,F,4,762
2017,3000,P,F,5,361
2017,3000,P,M,1,419
2017,3000,P,M,2,950
2017,3000,P,M,3,1250
2017,3000,P,M,4,1225
2017,3000,P,M,5,1031
2017,3000,Q,F,1,4185
2017,3000,Q,F,2,7137
2017,3000,Q,F,3,7475
2017,3000,Q,F,4,5989
2017,3000,Q,F,5,3019
2017,3000,Q,M,1,1272
2017,3000,Q,M,2,2636
2017,3000,Q,M,3,4218
2017,3000,Q,M,4,5417
2017,3000,Q,M,5,6105
2017,3000,R,F,1,277
2017,3000,R,F,2,793
2017,3000,R,F,3,1036
2017,3000,R,F,4,835
2017,3000,R,F,5,527
2017,3000,R,M,1,678
2017,3000,R,M,2,1758
2017,3000,R,M,3,2620
2017,3000,R,M,4,2699
2017,3000,R,M,5,2086
2017,3000,S,F,1,2084
2017,3000,S,F,2,4076
2017,3000,S,F,3,5051
2017,3000,S,F,4,4196
2017,3000,S,F,5,2536
2017,3000,S,M,1,865
2017,3000,S,M,2,3269
2017,3000,S,M,3,5628
2017,3000,S,M,4,6684
2017,3000,S,M,5,6143
2017,3000,T,F,1,2
2017,3000,T,F,2,5
2017,3000,T,F,3,10
2017,3000,T,F,4,7
2017,3000,T,F,5,6
2017,3000,T,M,1,3
2017,3000,T,M,2,15
2017,3000,T,M,3,17
2017,3000,T,M,4,23
2017,3000,T,M,5,50
2017,3000,X,F,1,2
2017,3000,X,F,2,10
2017,3000,X,F,3,4
2017,3000,X,F,4,6
2017,3000,X,F,5,3
2017,3000,X,M,1,3
2017,3000,X,M,2,4
2017,3000,X,M,3,13
2017,3000,X,M,5,3
2017,4000,A,F,1,9
2017,4000,A,F,2,16
2017,4000,A,F,3,22
2017,4000,A,F,4,26
2017,4000,A,F,5,17
2017,4000,A,M,1,23
2017,4000,A,M,2,64
2017,4000,A,M,3,65
2017,4000,A,M,4,68
2017,4000,A,M,5,74
2017,4000,B,F,3,1
2017,4000,B,M,2,1
2017,4000,B,M,3,4
2017,4000,B,M,4,4
2017,4000,B,M,5,3
2017,4000,C,F,1,63
2017,4000,C,F,2,185
2017,4000,C,F,3,256
2017,4000,C,F,4,204
2017,4000,C,F,5,150
2017,4000,C,M,1,186
2017,4000,C,M,2,644
2017,4000,C,M,3,860
2017,4000,C,M,4,811
2017,4000,C,M,5,576
2017,4000,D,F,1,2
2017,4000,D,F,2,4
2017,4000,D,F,3,8
2017,4000,D,F,4,16
2017,4000,D,F,5,3
2017,4000,D,M,1,2
2017,4000,D,M,2,19
2017,4000,D,M,3,60
2017,4000,D,M,4,57
2017,4000,D,M,5,58
2017,4000,E,F,1,1
2017,4000,E,F,3,8
2017,4000,E,F,4,8
2017,4000,E,F,5,2
2017,4000,E,M,1,4
2017,4000,E,M,2,17
2017,4000,E,M,3,16
2017,4000,E,M,4,24
2017,4000,E,M,5,28
2017,4000,F,F,1,113
2017,4000,F,F,2,303
2017,4000,F,F,3,316
2017,4000,F,F,4,228
2017,4000,F,F,5,124
2017,4000,F,M,1,1520
2017,4000,F,M,2,4190
2017,4000,F,M,3,4757
2017,4000,F,M,4,2975
2017,4000,F,M,5,1303
2017,4000,G,F,1,314
2017,4000,G,F,2,972
2017,4000,G,F,3,1275
2017,4000,G,F,4,1216
2017,4000,G,F,5,799
2017,4000,G,M,1,1116
2017,4000,G,M,2,3633
2017,4000,G,M,3,4798
2017,4000,G,M,4,4211
2017,4000,G,M,5,2841
2017,4000,H,F,1,47
2017,4000,H,F,2,118
2017,4000,H,F,3,105
2017,4000,H,F,4,92
2017,4000,H,F,5,33
2017,4000,H,M,1,597
2017,4000,H,M,2,1283
2017,4000,H,M,3,1189
2017,4000,H,M,4,717
2017,4000,H,M,5,400
2017,4000,I,F,1,234
2017,4000,I,F,2,574
2017,4000,I,F,3,645
2017,4000,I,F,4,467
2017,4000,I,F,5,226
2017,4000,I,M,1,719
2017,4000,I,M,2,1959
2017,4000,I,M,3,2256
2017,4000,I,M,4,1587
2017,4000,I,M,5,869
2017,4000,J,F,1,87
2017,4000,J,F,2,365
2017,4000,J,F,3,435
2017,4000,J,F,4,286
2017,4000,J,F,5,181
2017,4000,J,M,1,413
2017,4000,J,M,2,2136
2017,4000,J,M,3,2454
2017,4000,J,M,4,1695
2017,4000,J,M,5,986
2017,4000,K,F,1,33
2017,4000,K,F,2,78
2017,4000,K,F,3,178
2017,4000,K,F,4,218
2017,4000,K,F,5,161
2017,4000,K,M,1,58
2017,4000,K,M,2,263
2017,4000,K,M,3,824
2017,4000,K,M,4,1340
2017,4000,K,M,5,1232
2017,4000,L,F,1,84
2017,4000,L,F,2,300
2017,4000,L,F,3,530
2017,4000,L,F,4,562
2017,4000,L,F,5,433
2017,4000,L,M,1,209
2017,4000,L,M,2,920
2017,4000,L,M,3,1609
2017,4000,L,M,4,1860
2017,4000,L,M,5,1791
2017,4000,M,F,1,1554
2017,4000,M,F,2,2789
2017,4000,M,F,3,2679
2017,4000,M,F,4,2067
2017,4000,M,F,5,1107
2017,4000,M,M,1,1406
2017,4000,M,M,2,4668
2017,4000,M,M,3,6293
2017,4000,M,M,4,5963
2017,4000,M,M,5,4941
2017,4000,N,F,1,166
2017,4000,N,F,2,505
2017,4000,N,F,3,697
2017,4000,N,F,4,510
2017,4000,N,F,5,296
2017,4000,N,M,1,426
2017,4000,N,M,2,1428
2017,4000,N,M,3,1919
2017,4000,N,M,4,1544
2017,4000,N,M,5,987
2017,4000,O,F,1,7
2017,4000,O,F,2,16
2017,4000,O,F,3,14
2017,4000,O,F,4,35
2017,4000,O,F,5,18
2017,4000,O,M,1,2
2017,4000,O,M,2,14
2017,4000,O,M,3,55
2017,4000,O,M,4,96
2017,4000,O,M,5,145
2017,4000,P,F,1,112
2017,4000,P,F,2,330
2017,4000,P,F,3,415
2017,4000,P,F,4,366
2017,4000,P,F,5,204
2017,4000,P,M,1,154
2017,4000,P,M,2,430
2017,4000,P,M,3,554
2017,4000,P,M,4,582
2017,4000,P,M,5,535
2017,4000,Q,F,1,957
2017,4000,Q,F,2,1838
2017,4000,Q,F,3,1759
2017,4000,Q,F,4,1609
2017,4000,Q,F,5,1210
2017,4000,Q,M,1,491
2017,4000,Q,M,2,1047
2017,4000,Q,M,3,1273
2017,4000,Q,M,4,1830
2017,4000,Q,M,5,2424
2017,4000,R,F,1,128
2017,4000,R,F,2,400
2017,4000,R,F,3,424
2017,4000,R,F,4,362
2017,4000,R,F,5,219
2017,4000,R,M,1,215
2017,4000,R,M,2,780
2017,4000,R,M,3,1064
2017,4000,R,M,4,1125
2017,4000,R,M,5,943
2017,4000,S,F,1,371
2017,4000,S,F,2,1180
2017,4000,S,F,3,1605
2017,4000,S,F,4,1558
2017,4000,S,F,5,1024
2017,4000,S,M,1,421
2017,4000,S,M,2,2030
2017,4000,S,M,3,3530
2017,4000,S,M,4,4499
2017,4000,S,M,5,4157
2017,4000,T,F,2,6
2017,4000,T,F,3,12
2017,4000,T,F,4,11
2017,4000,T,F,5,12
2017,4000,T,M,1,1
2017,4000,T,M,2,13
2017,4000,T,M,3,28
2017,4000,T,M,4,27
2017,4000,T,M,5,40
2017,4000,U,F,2,1
2017,4000,U,F,4,1
2017,4000,U,F,5,1
2017,4000,U,M,2,3
2017,4000,U,M,3,2
2017,4000,U,M,4,4
2017,4000,U,M,5,7
2017,4000,X,F,2,1
2017,4000,X,F,4,3
2017,4000,X,F,5,2
2017,4000,X,M,1,4
2017,4000,X,M,2,1
2017,4000,X,M,3,3
2017,4000,X,M,4,4
2017,4000,X,M,5,5
2018,2000,A,F,1,320
2018,2000,A,F,2,968
2018,2000,A,F,3,1472
2018,2000,A,F,4,1992
2018,2000,A,F,5,2080
2018,2000,A,M,1,1478
2018,2000,A,M,2,3365
2018,2000,A,M,3,5052
2018,2000,A,M,4,7817
2018,2000,A,M,5,8469
2018,2000,B,F,2,1
2018,2000,B,F,3,5
2018,2000,B,F,4,5
2018,2000,B,M,1,1
2018,2000,B,M,2,9
2018,2000,B,M,3,13
2018,2000,B,M,4,18
2018,2000,B,M,5,22
2018,2000,C,F,1,696
2018,2000,C,F,2,1693
2018,2000,C,F,3,2392
2018,2000,C,F,4,2138
2018,2000,C,F,5,1043
2018,2000,C,M,1,2120
2018,2000,C,M,2,5650
2018,2000,C,M,3,7717
2018,2000,C,M,4,8407
2018,2000,C,M,5,5198
2018,2000,D,F,1,12
2018,2000,D,F,2,28
2018,2000,D,F,3,39
2018,2000,D,F,4,34
2018,2000,D,F,5,4
2018,2000,D,M,1,66
2018,2000,D,M,2,89
2018,2000,D,M,3,163
2018,2000,D,M,4,226
2018,2000,D,M,5,124
2018,2000,E,F,1,6
2018,2000,E,F,2,29
2018,2000,E,F,3,68
2018,2000,E,F,4,58
2018,2000,E,F,5,35
2018,2000,E,M,1,56
2018,2000,E,M,2,151
2018,2000,E,M,3,233
2018,2000,E,M,4,321
2018,2000,E,M,5,224
2018,2000,F,F,1,421
2018,2000,F,F,2,1654
2018,2000,F,F,3,2420
2018,2000,F,F,4,1979
2018,2000,F,F,5,868
2018,2000,F,M,1,7683
2018,2000,F,M,2,20262
2018,2000,F,M,3,23755
2018,2000,F,M,4,20679
2018,2000,F,M,5,10378
2018,2000,G,F,1,3056
2018,2000,G,F,2,7250
2018,2000,G,F,3,11237
2018,2000,G,F,4,11110
2018,2000,G,F,5,5720
2018,2000,G,M,1,5489
2018,2000,G,M,2,14229
2018,2000,G,M,3,21416
2018,2000,G,M,4,26408
2018,2000,G,M,5,18139
2018,2000,H,F,1,228
2018,2000,H,F,2,503
2018,2000,H,F,3,821
2018,2000,H,F,4,905
2018,2000,H,F,5,417
2018,2000,H,M,1,1529
2018,2000,H,M,2,3005
2018,2000,H,M,3,3795
2018,2000,H,M,4,4118
2018,2000,H,M,5,2737
2018,2000,I,F,1,1568
2018,2000,I,F,2,3434
2018,2000,I,F,3,4708
2018,2000,I,F,4,4140
2018,2000,I,F,5,2062
2018,2000,I,M,1,2801
2018,2000,I,M,2,6504
2018,2000,I,M,3,8454
2018,2000,I,M,4,7731
2018,2000,I,M,5,3645
2018,2000,J,F,1,430
2018,2000,J,F,2,1367
2018,2000,J,F,3,1717
2018,2000,J,F,4,1103
2018,2000,J,F,5,381
2018,2000,J,M,1,2985
2018,2000,J,M,2,8245
2018,2000,J,M,3,9016
2018,2000,J,M,4,6396
2018,2000,J,M,5,2873
2018,2000,K,F,1,113
2018,2000,K,F,2,520
2018,2000,K,F,3,1056
2018,2000,K,F,4,1430
2018,2000,K,F,5,861
2018,2000,K,M,1,294
2018,2000,K,M,2,1419
2018,2000,K,M,3,2567
2018,2000,K,M,4,4690
2018,2000,K,M,5,4261
2018,2000,L,F,1,746
2018,2000,L,F,2,1653
2018,2000,L,F,3,2726
2018,2000,L,F,4,2913
2018,2000,L,F,5,1982
2018,2000,L,M,1,1168
2018,2000,L,M,2,3401
2018,2000,L,M,3,5677
2018,2000,L,M,4,7260
2018,2000,L,M,5,6390
2018,2000,M,F,1,5665
2018,2000,M,F,2,11240
2018,2000,M,F,3,12911
2018,2000,M,F,4,9684
2018,2000,M,F,5,3716
2018,2000,M,M,1,6081
2018,2000,M,M,2,18854
2018,2000,M,M,3,26928
2018,2000,M,M,4,27458
2018,2000,M,M,5,18636
2018,2000,N,F,1,855
2018,2000,N,F,2,2322
2018,2000,N,F,3,3420
2018,2000,N,F,4,2787
2018,2000,N,F,5,1391
2018,2000,N,M,1,3691
2018,2000,N,M,2,8027
2018,2000,N,M,3,9208
2018,2000,N,M,4,8105
2018,2000,N,M,5,5227
2018,2000,O,F,1,2
2018,2000,O,F,2,9
2018,2000,O,F,3,29
2018,2000,O,F,4,38
2018,2000,O,F,5,24
2018,2000,O,M,2,26
2018,2000,O,M,3,66
2018,2000,O,M,4,125
2018,2000,O,M,5,146
2018,2000,P,F,1,1028
2018,2000,P,F,2,1906
2018,2000,P,F,3,2101
2018,2000,P,F,4,1528
2018,2000,P,F,5,655
2018,2000,P,M,1,986
2018,2000,P,M,2,1861
2018,2000,P,M,3,2186
2018,2000,P,M,4,2312
2018,2000,P,M,5,1725
2018,2000,Q,F,1,7669
2018,2000,Q,F,2,11860
2018,2000,Q,F,3,11503
2018,2000,Q,F,4,8767
2018,2000,Q,F,5,3518
2018,2000,Q,M,1,2049
2018,2000,Q,M,2,4028
2018,2000,Q,M,3,5963
2018,2000,Q,M,4,8091
2018,2000,Q,M,5,9562
2018,2000,R,F,1,1009
2018,2000,R,F,2,2132
2018,2000,R,F,3,2286
2018,2000,R,F,4,1837
2018,2000,R,F,5,907
2018,2000,R,M,1,2514
2018,2000,R,M,2,5669
2018,2000,R,M,3,6908
2018,2000,R,M,4,6630
2018,2000,R,M,5,4467
2018,2000,S,F,1,5831
2018,2000,S,F,2,9161
2018,2000,S,F,3,10421
2018,2000,S,F,4,8705
2018,2000,S,F,5,3500
2018,2000,S,M,1,2076
2018,2000,S,M,2,6188
2018,2000,S,M,3,9445
2018,2000,S,M,4,11265
2018,2000,S,M,5,8862
2018,2000,T,F,2,16
2018,2000,T,F,3,23
2018,2000,T,F,4,30
2018,2000,T,F,5,26
2018,2000,T,M,1,1
2018,2000,T,M,2,18
2018,2000,T,M,3,72
2018,2000,T,M,4,90
2018,2000,T,M,5,106
2018,2000,U,F,3,2
2018,2000,U,M,3,2
2018,2000,X,F,1,199
2018,2000,X,F,2,82
2018,2000,X,F,3,31
2018,2000,X,F,4,8
2018,2000,X,F,5,6
2018,2000,X,M,1,73
2018,2000,X,M,2,56
2018,2000,X,M,3,22
2018,2000,X,M,4,9
2018,2000,X,M,5,15
2018,3000,A,F,1,160
2018,3000,A,F,2,522
2018,3000,A,F,3,742
2018,3000,A,F,4,1220
2018,3000,A,F,5,1445
2018,3000,A,M,1,1153
2018,3000,A,M,2,2422
2018,3000,A,M,3,3431
2018,3000,A,M,4,5323
2018,3000,A,M,5,5013
2018,3000,B,F,2,9
2018,3000,B,F,3,7
2018,3000,B,F,4,5
2018,3000,B,F,5,6
2018,3000,B,M,1,2
2018,3000,B,M,2,18
2018,3000,B,M,3,30
2018,3000,B,M,4,47
2018,3000,B,M,5,35
2018,3000,C,F,1,214
2018,3000,C,F,2,806
2018,3000,C,F,3,978
2018,3000,C,F,4,828
2018,3000,C,F,5,557
2018,3000,C,M,1,637
2018,3000,C,M,2,2087
2018,3000,C,M,3,3134
2018,3000,C,M,4,3737
2018,3000,C,M,5,2719
2018,3000,D,F,1,3
2018,3000,D,F,2,2
2018,3000,D,F,3,11
2018,3000,D,F,4,22
2018,3000,D,F,5,7
2018,3000,D,M,1,16
2018,3000,D,M,2,32
2018,3000,D,M,3,74
2018,3000,D,M,4,72
2018,3000,D,M,5,82
2018,3000,E,F,2,20
2018,3000,E,F,3,26
2018,3000,E,F,4,31
2018,3000,E,F,5,17
2018,3000,E,M,1,27
2018,3000,E,M,2,127
2018,3000,E,M,3,156
2018,3000,E,M,4,183
2018,3000,E,M,5,193
2018,3000,F,F,1,125
2018,3000,F,F,2,498
2018,3000,F,F,3,714
2018,3000,F,F,4,604
2018,3000,F,F,5,403
2018,3000,F,M,1,2839
2018,3000,F,M,2,8600
2018,3000,F,M,3,11093
2018,3000,F,M,4,9595
2018,3000,F,M,5,5333
2018,3000,G,F,1,1402
2018,3000,G,F,2,3690
2018,3000,G,F,3,5131
2018,3000,G,F,4,4708
2018,3000,G,F,5,2988
2018,3000,G,M,1,2410
2018,3000,G,M,2,6916
2018,3000,G,M,3,10657
2018,3000,G,M,4,11855
2018,3000,G,M,5,8666
2018,3000,H,F,1,61
2018,3000,H,F,2,130
2018,3000,H,F,3,219
2018,3000,H,F,4,222
2018,3000,H,F,5,128
2018,3000,H,M,1,401
2018,3000,H,M,2,854
2018,3000,H,M,3,1387
2018,3000,H,M,4,1405
2018,3000,H,M,5,1016
2018,3000,I,F,1,484
2018,3000,I,F,2,1380
2018,3000,I,F,3,1912
2018,3000,I,F,4,1696
2018,3000,I,F,5,1013
2018,3000,I,M,1,1122
2018,3000,I,M,2,2983
2018,3000,I,M,3,4198
2018,3000,I,M,4,3705
2018,3000,I,M,5,2124
2018,3000,J,F,1,126
2018,3000,J,F,2,478
2018,3000,J,F,3,541
2018,3000,J,F,4,444
2018,3000,J,F,5,200
2018,3000,J,M,1,745
2018,3000,J,M,2,2820
2018,3000,J,M,3,3567
2018,3000,J,M,4,2588
2018,3000,J,M,5,1419
2018,3000,K,F,1,59
2018,3000,K,F,2,222
2018,3000,K,F,3,401
2018,3000,K,F,4,359
2018,3000,K,F,5,274
2018,3000,K,M,1,189
2018,3000,K,M,2,760
2018,3000,K,M,3,1392
2018,3000,K,M,4,1770
2018,3000,K,M,5,1631
2018,3000,L,F,1,281
2018,3000,L,F,2,640
2018,3000,L,F,3,861
2018,3000,L,F,4,887
2018,3000,L,F,5,698
2018,3000,L,M,1,499
2018,3000,L,M,2,1446
2018,3000,L,M,3,2303
2018,3000,L,M,4,2698
2018,3000,L,M,5,2442
2018,3000,M,F,1,2122
2018,3000,M,F,2,4217
2018,3000,M,F,3,4442
2018,3000,M,F,4,3160
2018,3000,M,F,5,1666
2018,3000,M,M,1,2014
2018,3000,M,M,2,6658
2018,3000,M,M,3,9884
2018,3000,M,M,4,10036
2018,3000,M,M,5,8699
2018,3000,N,F,1,302
2018,3000,N,F,2,967
2018,3000,N,F,3,1446
2018,3000,N,F,4,1252
2018,3000,N,F,5,694
2018,3000,N,M,1,1524
2018,3000,N,M,2,3374
2018,3000,N,M,3,4118
2018,3000,N,M,4,3730
2018,3000,N,M,5,2574
2018,3000,O,F,1,1
2018,3000,O,F,2,17
2018,3000,O,F,3,44
2018,3000,O,F,4,33
2018,3000,O,F,5,31
2018,3000,O,M,1,4
2018,3000,O,M,2,13
2018,3000,O,M,3,67
2018,3000,O,M,4,170
2018,3000,O,M,5,212
2018,3000,P,F,1,352
2018,3000,P,F,2,917
2018,3000,P,F,3,1098
2018,3000,P,F,4,849
2018,3000,P,F,5,399
2018,3000,P,M,1,436
2018,3000,P,M,2,1028
2018,3000,P,M,3,1336
2018,3000,P,M,4,1243
2018,3000,P,M,5,1104
2018,3000,Q,F,1,4407
2018,3000,Q,F,2,7357
2018,3000,Q,F,3,7858
2018,3000,Q,F,4,6169
2018,3000,Q,F,5,3392
2018,3000,Q,M,1,1366
2018,3000,Q,M,2,2752
2018,3000,Q,M,3,4299
2018,3000,Q,M,4,5204
2018,3000,Q,M,5,6477
2018,3000,R,F,1,264
2018,3000,R,F,2,827
2018,3000,R,F,3,1079
2018,3000,R,F,4,890
2018,3000,R,F,5,607
2018,3000,R,M,1,719
2018,3000,R,M,2,1818
2018,3000,R,M,3,2760
2018,3000,R,M,4,2728
2018,3000,R,M,5,2226
2018,3000,S,F,1,2123
2018,3000,S,F,2,4334
2018,3000,S,F,3,5188
2018,3000,S,F,4,4452
2018,3000,S,F,5,2771
2018,3000,S,M,1,885
2018,3000,S,M,2,3350
2018,3000,S,M,3,5659
2018,3000,S,M,4,6673
2018,3000,S,M,5,6569
2018,3000,T,F,1,2
2018,3000,T,F,2,4
2018,3000,T,F,3,9
2018,3000,T,F,4,8
2018,3000,T,F,5,7
2018,3000,T,M,1,3
2018,3000,T,M,2,11
2018,3000,T,M,3,19
2018,3000,T,M,4,16
2018,3000,T,M,5,52
2018,3000,X,F,1,55
2018,3000,X,F,2,19
2018,3000,X,F,3,10
2018,3000,X,F,4,1
2018,3000,X,F,5,2
2018,3000,X,M,1,20
2018,3000,X,M,2,10
2018,3000,X,M,3,8
2018,3000,X,M,4,6
2018,3000,X,M,5,4
2018,4000,A,F,1,8
2018,4000,A,F,2,17
2018,4000,A,F,3,20
2018,4000,A,F,4,30
2018,4000,A,F,5,21
2018,4000,A,M,1,24
2018,4000,A,M,2,77
2018,4000,A,M,3,68
2018,4000,A,M,4,70
2018,4000,A,M,5,73
2018,4000,B,F,3,1
2018,4000,B,M,1,1
2018,4000,B,M,3,3
2018,4000,B,M,4,3
2018,4000,B,M,5,4
2018,4000,C,F,1,60
2018,4000,C,F,2,191
2018,4000,C,F,3,256
2018,4000,C,F,4,216
2018,4000,C,F,5,146
2018,4000,C,M,1,177
2018,4000,C,M,2,642
2018,4000,C,M,3,841
2018,4000,C,M,4,835
2018,4000,C,M,5,595
2018,4000,D,F,1,4
2018,4000,D,F,2,3
2018,4000,D,F,3,6
2018,4000,D,F,4,12
2018,4000,D,F,5,4
2018,4000,D,M,1,7
2018,4000,D,M,2,15
2018,4000,D,M,3,48
2018,4000,D,M,4,63
2018,4000,D,M,5,46
2018,4000,E,F,1,1
2018,4000,E,F,2,2
2018,4000,E,F,3,6
2018,4000,E,F,4,8
2018,4000,E,F,5,4
2018,4000,E,M,1,6
2018,4000,E,M,2,16
2018,4000,E,M,3,18
2018,4000,E,M,4,23
2018,4000,E,M,5,29
2018,4000,F,F,1,100
2018,4000,F,F,2,312
2018,4000,F,F,3,339
2018,4000,F,F,4,231
2018,4000,F,F,5,141
2018,4000,F,M,1,1483
2018,4000,F,M,2,4222
2018,4000,F,M,3,4899
2018,4000,F,M,4,3162
2018,4000,F,M,5,1382
2018,4000,G,F,1,294
2018,4000,G,F,2,1013
2018,4000,G,F,3,1245
2018,4000,G,F,4,1257
2018,4000,G,F,5,825
2018,4000,G,M,1,1050
2018,4000,G,M,2,3492
2018,4000,G,M,3,4705
2018,4000,G,M,4,4277
2018,4000,G,M,5,2913
2018,4000,H,F,1,63
2018,4000,H,F,2,115
2018,4000,H,F,3,118
2018,4000,H,F,4,94
2018,4000,H,F,5,40
2018,4000,H,M,1,774
2018,4000,H,M,2,1424
2018,4000,H,M,3,1314
2018,4000,H,M,4,769
2018,4000,H,M,5,426
2018,4000,I,F,1,222
2018,4000,I,F,2,611
2018,4000,I,F,3,642
2018,4000,I,F,4,462
2018,4000,I,F,5,247
2018,4000,I,M,1,690
2018,4000,I,M,2,1918
2018,4000,I,M,3,2266
2018,4000,I,M,4,1678
2018,4000,I,M,5,890
2018,4000,J,F,1,95
2018,4000,J,F,2,388
2018,4000,J,F,3,454
2018,4000,J,F,4,309
2018,4000,J,F,5,206
2018,4000,J,M,1,473
2018,4000,J,M,2,2315
2018,4000,J,M,3,2636
2018,4000,J,M,4,1789
2018,4000,J,M,5,1052
2018,4000,K,F,1,25
2018,4000,K,F,2,73
2018,4000,K,F,3,177
2018,4000,K,F,4,232
2018,4000,K,F,5,179
2018,4000,K,M,1,46
2018,4000,K,M,2,261
2018,4000,K,M,3,807
2018,4000,K,M,4,1298
2018,4000,K,M,5,1261
2018,4000,L,F,1,85
2018,4000,L,F,2,332
2018,4000,L,F,3,526
2018,4000,L,F,4,588
2018,4000,L,F,5,485
2018,4000,L,M,1,209
2018,4000,L,M,2,972
2018,4000,L,M,3,1532
2018,4000,L,M,4,1933
2018,4000,L,M,5,1838
2018,4000,M,F,1,1594
2018,4000,M,F,2,2870
2018,4000,M,F,3,2754
2018,4000,M,F,4,2239
2018,4000,M,F,5,1220
2018,4000,M,M,1,1406
2018,4000,M,M,2,4859
2018,4000,M,M,3,6427
2018,4000,M,M,4,6175
2018,4000,M,M,5,5243
2018,4000,N,F,1,168
2018,4000,N,F,2,482
2018,4000,N,F,3,711
2018,4000,N,F,4,551
2018,4000,N,F,5,301
2018,4000,N,M,1,417
2018,4000,N,M,2,1398
2018,4000,N,M,3,1953
2018,4000,N,M,4,1600
2018,4000,N,M,5,1041
2018,4000,O,F,1,5
2018,4000,O,F,2,11
2018,4000,O,F,3,14
2018,4000,O,F,4,28
2018,4000,O,F,5,22
2018,4000,O,M,1,1
2018,4000,O,M,2,9
2018,4000,O,M,3,60
2018,4000,O,M,4,90
2018,4000,O,M,5,133
2018,4000,P,F,1,107
2018,4000,P,F,2,367
2018,4000,P,F,3,437
2018,4000,P,F,4,383
2018,4000,P,F,5,236
2018,4000,P,M,1,151
2018,4000,P,M,2,438
2018,4000,P,M,3,571
2018,4000,P,M,4,613
2018,4000,P,M,5,578
2018,4000,Q,F,1,938
2018,4000,Q,F,2,1890
2018,4000,Q,F,3,1851
2018,4000,Q,F,4,1633
2018,4000,Q,F,5,1290
2018,4000,Q,M,1,438
2018,4000,Q,M,2,1140
2018,4000,Q,M,3,1295
2018,4000,Q,M,4,1809
2018,4000,Q,M,5,2513
2018,4000,R,F,1,127
2018,4000,R,F,2,407
2018,4000,R,F,3,453
2018,4000,R,F,4,405
2018,4000,R,F,5,247
2018,4000,R,M,1,234
2018,4000,R,M,2,887
2018,4000,R,M,3,1072
2018,4000,R,M,4,1183
2018,4000,R,M,5,1000
2018,4000,S,F,1,368
2018,4000,S,F,2,1243
2018,4000,S,F,3,1667
2018,4000,S,F,4,1666
2018,4000,S,F,5,1074
2018,4000,S,M,1,436
2018,4000,S,M,2,2030
2018,4000,S,M,3,3615
2018,4000,S,M,4,4544
2018,4000,S,M,5,4380
2018,4000,T,F,2,6
2018,4000,T,F,3,13
2018,4000,T,F,4,9
2018,4000,T,F,5,12
2018,4000,T,M,1,1
2018,4000,T,M,2,11
2018,4000,T,M,3,24
2018,4000,T,M,4,35
2018,4000,T,M,5,39
2018,4000,U,F,2,1
2018,4000,U,F,4,1
2018,4000,U,F,5,1
2018,4000,U,M,2,2
2018,4000,U,M,4,4
2018,4000,U,M,5,7
2018,4000,X,F,1,50
2018,4000,X,F,2,14
2018,4000,X,F,3,2
2018,4000,X,F,4,4
2018,4000,X,F,5,2
2018,4000,X,M,1,43
2018,4000,X,M,2,10
2018,4000,X,M,3,6
2018,4000,X,M,4,5
2018,4000,X,M,5,6
2019,2000,A,F,1,363
2019,2000,A,F,2,973
2019,2000,A,F,3,1472
2019,2000,A,F,4,2030
2019,2000,A,F,5,2182
2019,2000,A,M,1,1439
2019,2000,A,M,2,3437
2019,2000,A,M,3,4958
2019,2000,A,M,4,7924
2019,2000,A,M,5,8878
2019,2000,B,F,2,1
2019,2000,B,F,3,2
2019,2000,B,F,4,5
2019,2000,B,F,5,2
2019,2000,B,M,1,1
2019,2000,B,M,2,8
2019,2000,B,M,3,10
2019,2000,B,M,4,20
2019,2000,B,M,5,23
2019,2000,C,F,1,743
2019,2000,C,F,2,1769
2019,2000,C,F,3,2473
2019,2000,C,F,4,2303
2019,2000,C,F,5,1127
2019,2000,C,M,1,2289
2019,2000,C,M,2,5763
2019,2000,C,M,3,7741
2019,2000,C,M,4,8666
2019,2000,C,M,5,5585
2019,2000,D,F,1,18
2019,2000,D,F,2,31
2019,2000,D,F,3,40
2019,2000,D,F,4,48
2019,2000,D,F,5,14
2019,2000,D,M,1,84
2019,2000,D,M,2,109
2019,2000,D,M,3,172
2019,2000,D,M,4,271
2019,2000,D,M,5,159
2019,2000,E,F,1,10
2019,2000,E,F,2,35
2019,2000,E,F,3,65
2019,2000,E,F,4,71
2019,2000,E,F,5,41
2019,2000,E,M,1,64
2019,2000,E,M,2,153
2019,2000,E,M,3,267
2019,2000,E,M,4,328
2019,2000,E,M,5,278
2019,2000,F,F,1,447
2019,2000,F,F,2,1733
2019,2000,F,F,3,2555
2019,2000,F,F,4,2081
2019,2000,F,F,5,964
2019,2000,F,M,1,8594
2019,2000,F,M,2,22081
2019,2000,F,M,3,25090
2019,2000,F,M,4,21563
2019,2000,F,M,5,11416
2019,2000,G,F,1,3053
2019,2000,G,F,2,7116
2019,2000,G,F,3,10839
2019,2000,G,F,4,11563
2019,2000,G,F,5,6030
2019,2000,G,M,1,6035
2019,2000,G,M,2,14372
2019,2000,G,M,3,21007
2019,2000,G,M,4,26557
2019,2000,G,M,5,19298
2019,2000,H,F,1,212
2019,2000,H,F,2,536
2019,2000,H,F,3,795
2019,2000,H,F,4,949
2019,2000,H,F,5,458
2019,2000,H,M,1,1605
2019,2000,H,M,2,3327
2019,2000,H,M,3,4001
2019,2000,H,M,4,4094
2019,2000,H,M,5,3012
2019,2000,I,F,1,1510
2019,2000,I,F,2,3495
2019,2000,I,F,3,4717
2019,2000,I,F,4,4204
2019,2000,I,F,5,2187
2019,2000,I,M,1,2819
2019,2000,I,M,2,6619
2019,2000,I,M,3,8397
2019,2000,I,M,4,7941
2019,2000,I,M,5,3978
2019,2000,J,F,1,464
2019,2000,J,F,2,1398
2019,2000,J,F,3,1817
2019,2000,J,F,4,1219
2019,2000,J,F,5,423
2019,2000,J,M,1,3139
2019,2000,J,M,2,8650
2019,2000,J,M,3,9620
2019,2000,J,M,4,6737
2019,2000,J,M,5,3270
2019,2000,K,F,1,102
2019,2000,K,F,2,486
2019,2000,K,F,3,1053
2019,2000,K,F,4,1429
2019,2000,K,F,5,914
2019,2000,K,M,1,288
2019,2000,K,M,2,1329
2019,2000,K,M,3,2460
2019,2000,K,M,4,4640
2019,2000,K,M,5,4464
2019,2000,L,F,1,760
2019,2000,L,F,2,1744
2019,2000,L,F,3,2814
2019,2000,L,F,4,3077
2019,2000,L,F,5,2195
2019,2000,L,M,1,1229
2019,2000,L,M,2,3536
2019,2000,L,M,3,5688
2019,2000,L,M,4,7554
2019,2000,L,M,5,6887
2019,2000,M,F,1,5912
2019,2000,M,F,2,11692
2019,2000,M,F,3,13748
2019,2000,M,F,4,10551
2019,2000,M,F,5,4344
2019,2000,M,M,1,6361
2019,2000,M,M,2,19756
2019,2000,M,M,3,27642
2019,2000,M,M,4,29154
2019,2000,M,M,5,20537
2019,2000,N,F,1,876
2019,2000,N,F,2,2517
2019,2000,N,F,3,3690
2019,2000,N,F,4,2984
2019,2000,N,F,5,1539
2019,2000,N,M,1,3966
2019,2000,N,M,2,8467
2019,2000,N,M,3,9499
2019,2000,N,M,4,8447
2019,2000,N,M,5,5848
2019,2000,O,F,1,4
2019,2000,O,F,2,14
2019,2000,O,F,3,32
2019,2000,O,F,4,50
2019,2000,O,F,5,31
2019,2000,O,M,1,6
2019,2000,O,M,2,30
2019,2000,O,M,3,75
2019,2000,O,M,4,114
2019,2000,O,M,5,176
2019,2000,P,F,1,1121
2019,2000,P,F,2,2140
2019,2000,P,F,3,2329
2019,2000,P,F,4,1661
2019,2000,P,F,5,738
2019,2000,P,M,1,1087
2019,2000,P,M,2,1993
2019,2000,P,M,3,2282
2019,2000,P,M,4,2419
2019,2000,P,M,5,1895
2019,2000,Q,F,1,8208
2019,2000,Q,F,2,12613
2019,2000,Q,F,3,12101
2019,2000,Q,F,4,9209
2019,2000,Q,F,5,4040
2019,2000,Q,M,1,2349
2019,2000,Q,M,2,4456
2019,2000,Q,M,3,6030
2019,2000,Q,M,4,7923
2019,2000,Q,M,5,10327
2019,2000,R,F,1,1093
2019,2000,R,F,2,2267
2019,2000,R,F,3,2424
2019,2000,R,F,4,1989
2019,2000,R,F,5,1055
2019,2000,R,M,1,2656
2019,2000,R,M,2,5798
2019,2000,R,M,3,7096
2019,2000,R,M,4,6870
2019,2000,R,M,5,4887
2019,2000,S,F,1,6304
2019,2000,S,F,2,9815
2019,2000,S,F,3,10752
2019,2000,S,F,4,9382
2019,2000,S,F,5,3902
2019,2000,S,M,1,2236
2019,2000,S,M,2,6322
2019,2000,S,M,3,9627
2019,2000,S,M,4,11421
2019,2000,S,M,5,9571
2019,2000,T,F,1,1
2019,2000,T,F,2,15
2019,2000,T,F,3,24
2019,2000,T,F,4,26
2019,2000,T,F,5,31
2019,2000,T,M,1,2
2019,2000,T,M,2,18
2019,2000,T,M,3,66
2019,2000,T,M,4,89
2019,2000,T,M,5,107
2019,2000,U,F,3,1
2019,2000,U,M,3,1
2019,2000,X,F,1,9
2019,2000,X,F,2,12
2019,2000,X,F,3,9
2019,2000,X,F,4,5
2019,2000,X,F,5,7
2019,2000,X,M,1,9
2019,2000,X,M,2,14
2019,2000,X,M,3,12
2019,2000,X,M,4,8
2019,2000,X,M,5,13
2019,3000,A,F,1,166
2019,3000,A,F,2,543
2019,3000,A,F,3,732
2019,3000,A,F,4,1216
2019,3000,A,F,5,1511
2019,3000,A,M,1,1128
2019,3000,A,M,2,2495
2019,3000,A,M,3,3304
2019,3000,A,M,4,5243
2019,3000,A,M,5,5313
2019,3000,B,F,2,9
2019,3000,B,F,3,6
2019,3000,B,F,4,9
2019,3000,B,F,5,6
2019,3000,B,M,2,16
2019,3000,B,M,3,33
2019,3000,B,M,4,44
2019,3000,B,M,5,35
2019,3000,C,F,1,240
2019,3000,C,F,2,871
2019,3000,C,F,3,1043
2019,3000,C,F,4,908
2019,3000,C,F,5,600
2019,3000,C,M,1,666
2019,3000,C,M,2,2181
2019,3000,C,M,3,3106
2019,3000,C,M,4,3822
2019,3000,C,M,5,2933
2019,3000,D,F,1,2
2019,3000,D,F,2,4
2019,3000,D,F,3,9
2019,3000,D,F,4,22
2019,3000,D,F,5,6
2019,3000,D,M,1,17
2019,3000,D,M,2,35
2019,3000,D,M,3,85
2019,3000,D,M,4,80
2019,3000,D,M,5,92
2019,3000,E,F,1,2
2019,3000,E,F,2,15
2019,3000,E,F,3,34
2019,3000,E,F,4,35
2019,3000,E,F,5,21
2019,3000,E,M,1,35
2019,3000,E,M,2,131
2019,3000,E,M,3,172
2019,3000,E,M,4,171
2019,3000,E,M,5,228
2019,3000,F,F,1,140
2019,3000,F,F,2,501
2019,3000,F,F,3,698
2019,3000,F,F,4,676
2019,3000,F,F,5,449
2019,3000,F,M,1,2780
2019,3000,F,M,2,8913
2019,3000,F,M,3,11100
2019,3000,F,M,4,9802
2019,3000,F,M,5,5775
2019,3000,G,F,1,1386
2019,3000,G,F,2,3830
2019,3000,G,F,3,5152
2019,3000,G,F,4,4790
2019,3000,G,F,5,3159
2019,3000,G,M,1,2353
2019,3000,G,M,2,6965
2019,3000,G,M,3,10360
2019,3000,G,M,4,11856
2019,3000,G,M,5,9206
2019,3000,H,F,1,67
2019,3000,H,F,2,141
2019,3000,H,F,3,221
2019,3000,H,F,4,214
2019,3000,H,F,5,144
2019,3000,H,M,1,365
2019,3000,H,M,2,933
2019,3000,H,M,3,1380
2019,3000,H,M,4,1463
2019,3000,H,M,5,1075
2019,3000,I,F,1,532
2019,3000,I,F,2,1373
2019,3000,I,F,3,1891
2019,3000,I,F,4,1751
2019,3000,I,F,5,1065
2019,3000,I,M,1,1084
2019,3000,I,M,2,3010
2019,3000,I,M,3,4180
2019,3000,I,M,4,3799
2019,3000,I,M,5,2253
2019,3000,J,F,1,123
2019,3000,J,F,2,505
2019,3000,J,F,3,573
2019,3000,J,F,4,473
2019,3000,J,F,5,223
2019,3000,J,M,1,770
2019,3000,J,M,2,2889
2019,3000,J,M,3,3747
2019,3000,J,M,4,2783
2019,3000,J,M,5,1590
2019,3000,K,F,1,43
2019,3000,K,F,2,233
2019,3000,K,F,3,384
2019,3000,K,F,4,400
2019,3000,K,F,5,305
2019,3000,K,M,1,144
2019,3000,K,M,2,767
2019,3000,K,M,3,1353
2019,3000,K,M,4,1787
2019,3000,K,M,5,1720
2019,3000,L,F,1,268
2019,3000,L,F,2,746
2019,3000,L,F,3,923
2019,3000,L,F,4,934
2019,3000,L,F,5,785
2019,3000,L,M,1,497
2019,3000,L,M,2,1605
2019,3000,L,M,3,2435
2019,3000,L,M,4,2802
2019,3000,L,M,5,2670
2019,3000,M,F,1,2199
2019,3000,M,F,2,4437
2019,3000,M,F,3,4824
2019,3000,M,F,4,3438
2019,3000,M,F,5,1858
2019,3000,M,M,1,2017
2019,3000,M,M,2,6912
2019,3000,M,M,3,10170
2019,3000,M,M,4,10490
2019,3000,M,M,5,9380
2019,3000,N,F,1,295
2019,3000,N,F,2,1038
2019,3000,N,F,3,1544
2019,3000,N,F,4,1391
2019,3000,N,F,5,784
2019,3000,N,M,1,1544
2019,3000,N,M,2,3599
2019,3000,N,M,3,4262
2019,3000,N,M,4,3896
2019,3000,N,M,5,2811
2019,3000,O,F,1,1
2019,3000,O,F,2,23
2019,3000,O,F,3,31
2019,3000,O,F,4,51
2019,3000,O,F,5,28
2019,3000,O,M,1,5
2019,3000,O,M,2,17
2019,3000,O,M,3,66
2019,3000,O,M,4,162
2019,3000,O,M,5,180
2019,3000,P,F,1,358
2019,3000,P,F,2,971
2019,3000,P,F,3,1215
2019,3000,P,F,4,950
2019,3000,P,F,5,489
2019,3000,P,M,1,428
2019,3000,P,M,2,1080
2019,3000,P,M,3,1391
2019,3000,P,M,4,1281
2019,3000,P,M,5,1212
2019,3000,Q,F,1,4530
2019,3000,Q,F,2,7855
2019,3000,Q,F,3,8257
2019,3000,Q,F,4,6441
2019,3000,Q,F,5,3809
2019,3000,Q,M,1,1481
2019,3000,Q,M,2,2971
2019,3000,Q,M,3,4359
2019,3000,Q,M,4,5107
2019,3000,Q,M,5,6901
2019,3000,R,F,1,307
2019,3000,R,F,2,905
2019,3000,R,F,3,1156
2019,3000,R,F,4,1001
2019,3000,R,F,5,672
2019,3000,R,M,1,715
2019,3000,R,M,2,1947
2019,3000,R,M,3,2928
2019,3000,R,M,4,2845
2019,3000,R,M,5,2509
2019,3000,S,F,1,2187
2019,3000,S,F,2,4643
2019,3000,S,F,3,5395
2019,3000,S,F,4,4795
2019,3000,S,F,5,2988
2019,3000,S,M,1,923
2019,3000,S,M,2,3431
2019,3000,S,M,3,5912
2019,3000,S,M,4,6884
2019,3000,S,M,5,7215
2019,3000,T,F,2,5
2019,3000,T,F,3,9
2019,3000,T,F,4,8
2019,3000,T,F,5,7
2019,3000,T,M,1,3
2019,3000,T,M,2,7
2019,3000,T,M,3,18
2019,3000,T,M,4,18
2019,3000,T,M,5,50
2019,3000,U,F,2,1
2019,3000,U,M,3,1
2019,3000,X,F,1,11
2019,3000,X,F,2,13
2019,3000,X,F,3,11
2019,3000,X,F,4,1
2019,3000,X,F,5,3
2019,3000,X,M,1,8
2019,3000,X,M,2,7
2019,3000,X,M,3,7
2019,3000,X,M,4,6
2019,3000,X,M,5,6
2019,4000,A,F,1,12
2019,4000,A,F,2,25
2019,4000,A,F,3,21
2019,4000,A,F,4,30
2019,4000,A,F,5,24
2019,4000,A,M,1,29
2019,4000,A,M,2,76
2019,4000,A,M,3,66
2019,4000,A,M,4,67
2019,4000,A,M,5,84
2019,4000,B,F,3,2
2019,4000,B,M,2,3
2019,4000,B,M,3,3
2019,4000,B,M,4,3
2019,4000,B,M,5,4
2019,4000,C,F,1,66
2019,4000,C,F,2,185
2019,4000,C,F,3,251
2019,4000,C,F,4,234
2019,4000,C,F,5,154
2019,4000,C,M,1,172
2019,4000,C,M,2,641
2019,4000,C,M,3,822
2019,4000,C,M,4,870
2019,4000,C,M,5,616
2019,4000,D,F,1,2
2019,4000,D,F,2,5
2019,4000,D,F,3,5
2019,4000,D,F,4,9
2019,4000,D,F,5,3
2019,4000,D,M,1,9
2019,4000,D,M,2,14
2019,4000,D,M,3,45
2019,4000,D,M,4,53
2019,4000,D,M,5,45
2019,4000,E,F,1,1
2019,4000,E,F,2,2
2019,4000,E,F,3,5
2019,4000,E,F,4,7
2019,4000,E,F,5,5
2019,4000,E,M,1,4
2019,4000,E,M,2,18
2019,4000,E,M,3,15
2019,4000,E,M,4,24
2019,4000,E,M,5,26
2019,4000,F,F,1,90
2019,4000,F,F,2,286
2019,4000,F,F,3,337
2019,4000,F,F,4,232
2019,4000,F,F,5,146
2019,4000,F,M,1,1348
2019,4000,F,M,2,4139
2019,4000,F,M,3,4796
2019,4000,F,M,4,3366
2019,4000,F,M,5,1478
2019,4000,G,F,1,287
2019,4000,G,F,2,978
2019,4000,G,F,3,1247
2019,4000,G,F,4,1206
2019,4000,G,F,5,876
2019,4000,G,M,1,1070
2019,4000,G,M,2,3357
2019,4000,G,M,3,4579
2019,4000,G,M,4,4387
2019,4000,G,M,5,3056
2019,4000,H,F,1,62
2019,4000,H,F,2,135
2019,4000,H,F,3,127
2019,4000,H,F,4,91
2019,4000,H,F,5,44
2019,4000,H,M,1,795
2019,4000,H,M,2,1469
2019,4000,H,M,3,1383
2019,4000,H,M,4,833
2019,4000,H,M,5,448
2019,4000,I,F,1,191
2019,4000,I,F,2,632
2019,4000,I,F,3,644
2019,4000,I,F,4,484
2019,4000,I,F,5,262
2019,4000,I,M,1,676
2019,4000,I,M,2,1934
2019,4000,I,M,3,2236
2019,4000,I,M,4,1703
2019,4000,I,M,5,946
2019,4000,J,F,1,110
2019,4000,J,F,2,420
2019,4000,J,F,3,497
2019,4000,J,F,4,320
2019,4000,J,F,5,234
2019,4000,J,M,1,514
2019,4000,J,M,2,2409
2019,4000,J,M,3,2857
2019,4000,J,M,4,1874
2019,4000,J,M,5,1146
2019,4000,K,F,1,21
2019,4000,K,F,2,79
2019,4000,K,F,3,203
2019,4000,K,F,4,284
2019,4000,K,F,5,189
2019,4000,K,M,1,49
2019,4000,K,M,2,248
2019,4000,K,M,3,812
2019,4000,K,M,4,1238
2019,4000,K,M,5,1348
2019,4000,L,F,1,81
2019,4000,L,F,2,354
2019,4000,L,F,3,541
2019,4000,L,F,4,604
2019,4000,L,F,5,517
2019,4000,L,M,1,242
2019,4000,L,M,2,995
2019,4000,L,M,3,1650
2019,4000,L,M,4,1882
2019,4000,L,M,5,1997
2019,4000,M,F,1,1639
2019,4000,M,F,2,3056
2019,4000,M,F,3,2876
2019,4000,M,F,4,2371
2019,4000,M,F,5,1337
2019,4000,M,M,1,1505
2019,4000,M,M,2,4985
2019,4000,M,M,3,6597
2019,4000,M,M,4,6419
2019,4000,M,M,5,5615
2019,4000,N,F,1,148
2019,4000,N,F,2,521
2019,4000,N,F,3,721
2019,4000,N,F,4,619
2019,4000,N,F,5,323
2019,4000,N,M,1,418
2019,4000,N,M,2,1358
2019,4000,N,M,3,1937
2019,4000,N,M,4,1642
2019,4000,N,M,5,1138
2019,4000,O,F,1,7
2019,4000,O,F,2,9
2019,4000,O,F,3,19
2019,4000,O,F,4,33
2019,4000,O,F,5,24
2019,4000,O,M,1,2
2019,4000,O,M,2,14
2019,4000,O,M,3,54
2019,4000,O,M,4,81
2019,4000,O,M,5,128
2019,4000,P,F,1,116
2019,4000,P,F,2,412
2019,4000,P,F,3,467
2019,4000,P,F,4,421
2019,4000,P,F,5,252
2019,4000,P,M,1,159
2019,4000,P,M,2,484
2019,4000,P,M,3,608
2019,4000,P,M,4,626
2019,4000,P,M,5,611
2019,4000,Q,F,1,1049
2019,4000,Q,F,2,2011
2019,4000,Q,F,3,1960
2019,4000,Q,F,4,1660
2019,4000,Q,F,5,1380
2019,4000,Q,M,1,526
2019,4000,Q,M,2,1266
2019,4000,Q,M,3,1364
2019,4000,Q,M,4,1781
2019,4000,Q,M,5,2678
2019,4000,R,F,1,144
2019,4000,R,F,2,469
2019,4000,R,F,3,509
2019,4000,R,F,4,461
2019,4000,R,F,5,270
2019,4000,R,M,1,265
2019,4000,R,M,2,934
2019,4000,R,M,3,1113
2019,4000,R,M,4,1220
2019,4000,R,M,5,1068
2019,4000,S,F,1,362
2019,4000,S,F,2,1248
2019,4000,S,F,3,1787
2019,4000,S,F,4,1736
2019,4000,S,F,5,1175
2019,4000,S,M,1,456
2019,4000,S,M,2,2090
2019,4000,S,M,3,3670
2019,4000,S,M,4,4563
2019,4000,S,M,5,4697
2019,4000,T,F,2,3
2019,4000,T,F,3,17
2019,4000,T,F,4,8
2019,4000,T,F,5,10
2019,4000,T,M,1,1
2019,4000,T,M,2,12
2019,4000,T,M,3,29
2019,4000,T,M,4,32
2019,4000,T,M,5,41
2019,4000,U,F,3,1
2019,4000,U,F,4,1
2019,4000,U,F,5,1
2019,4000,U,M,2,1
2019,4000,U,M,3,1
2019,4000,U,M,4,3
2019,4000,U,M,5,7
2019,4000,X,F,1,4
2019,4000,X,F,3,1
2019,4000,X,F,4,4
2019,4000,X,F,5,2
2019,4000,X,M,1,4
2019,4000,X,M,2,2
2019,4000,X,M,3,1
2019,4000,X,M,4,4
2019,4000,X,M,5,4
2020,2000,A,F,1,348
2020,2000,A,F,2,1028
2020,2000,A,F,3,1408
2020,2000,A,F,4,2031
2020,2000,A,F,5,2258
2020,2000,A,M,1,1407
2020,2000,A,M,2,3522
2020,2000,A,M,3,4839
2020,2000,A,M,4,7933
2020,2000,A,M,5,9276
2020,2000,B,F,2,2
2020,2000,B,F,3,1
2020,2000,B,F,4,7
2020,2000,B,F,5,5
2020,2000,B,M,1,1
2020,2000,B,M,2,7
2020,2000,B,M,3,9
2020,2000,B,M,4,20
2020,2000,B,M,5,23
2020,2000,C,F,1,865
2020,2000,C,F,2,1954
2020,2000,C,F,3,2516
2020,2000,C,F,4,2371
2020,2000,C,F,5,1218
2020,2000,C,M,1,2474
2020,2000,C,M,2,5968
2020,2000,C,M,3,7641
2020,2000,C,M,4,8971
2020,2000,C,M,5,5684
2020,2000,D,F,1,19
2020,2000,D,F,2,25
2020,2000,D,F,3,43
2020,2000,D,F,4,41
2020,2000,D,F,5,15
2020,2000,D,M,1,81
2020,2000,D,M,2,129
2020,2000,D,M,3,151
2020,2000,D,M,4,249
2020,2000,D,M,5,165
2020,2000,E,F,1,10
2020,2000,E,F,2,39
2020,2000,E,F,3,67
2020,2000,E,F,4,70
2020,2000,E,F,5,40
2020,2000,E,M,1,63
2020,2000,E,M,2,156
2020,2000,E,M,3,266
2020,2000,E,M,4,352
2020,2000,E,M,5,273
2020,2000,F,F,1,476
2020,2000,F,F,2,1834
2020,2000,F,F,3,2680
2020,2000,F,F,4,2290
2020,2000,F,F,5,1074
2020,2000,F,M,1,9630
2020,2000,F,M,2,24641
2020,2000,F,M,3,26828
2020,2000,F,M,4,22822
2020,2000,F,M,5,12481
2020,2000,G,F,1,3477
2020,2000,G,F,2,7623
2020,2000,G,F,3,10699
2020,2000,G,F,4,11953
2020,2000,G,F,5,6402
2020,2000,G,M,1,6848
2020,2000,G,M,2,14836
2020,2000,G,M,3,20637
2020,2000,G,M,4,26626
2020,2000,G,M,5,20133
2020,2000,H,F,1,211
2020,2000,H,F,2,535
2020,2000,H,F,3,799
2020,2000,H,F,4,945
2020,2000,H,F,5,464
2020,2000,H,M,1,1674
2020,2000,H,M,2,3469
2020,2000,H,M,3,4093
2020,2000,H,M,4,4144
2020,2000,H,M,5,3195
2020,2000,I,F,1,1514
2020,2000,I,F,2,3674
2020,2000,I,F,3,4920
2020,2000,I,F,4,4465
2020,2000,I,F,5,2266
2020,2000,I,M,1,2894
2020,2000,I,M,2,6880
2020,2000,I,M,3,8563
2020,2000,I,M,4,8415
2020,2000,I,M,5,4211
2020,2000,J,F,1,513
2020,2000,J,F,2,1446
2020,2000,J,F,3,1929
2020,2000,J,F,4,1330
2020,2000,J,F,5,488
2020,2000,J,M,1,3270
2020,2000,J,M,2,8984
2020,2000,J,M,3,10142
2020,2000,J,M,4,7091
2020,2000,J,M,5,3600
2020,2000,K,F,1,111
2020,2000,K,F,2,496
2020,2000,K,F,3,1053
2020,2000,K,F,4,1713
2020,2000,K,F,5,1144
2020,2000,K,M,1,293
2020,2000,K,M,2,1366
2020,2000,K,M,3,2575
2020,2000,K,M,4,4903
2020,2000,K,M,5,5250
2020,2000,L,F,1,824
2020,2000,L,F,2,1849
2020,2000,L,F,3,2833
2020,2000,L,F,4,3300
2020,2000,L,F,5,2354
2020,2000,L,M,1,1327
2020,2000,L,M,2,3689
2020,2000,L,M,3,5783
2020,2000,L,M,4,7779
2020,2000,L,M,5,7350
2020,2000,M,F,1,6229
2020,2000,M,F,2,12339
2020,2000,M,F,3,14262
2020,2000,M,F,4,11615
2020,2000,M,F,5,4840
2020,2000,M,M,1,6707
2020,2000,M,M,2,20509
2020,2000,M,M,3,28603
2020,2000,M,M,4,30558
2020,2000,M,M,5,22266
2020,2000,N,F,1,825
2020,2000,N,F,2,2466
2020,2000,N,F,3,3533
2020,2000,N,F,4,3102
2020,2000,N,F,5,1647
2020,2000,N,M,1,4032
2020,2000,N,M,2,8435
2020,2000,N,M,3,9461
2020,2000,N,M,4,8502
2020,2000,N,M,5,6061
2020,2000,O,F,1,4
2020,2000,O,F,2,15
2020,2000,O,F,3,23
2020,2000,O,F,4,48
2020,2000,O,F,5,32
2020,2000,O,M,1,5
2020,2000,O,M,2,22
2020,2000,O,M,3,55
2020,2000,O,M,4,113
2020,2000,O,M,5,160
2020,2000,P,F,1,1140
2020,2000,P,F,2,2289
2020,2000,P,F,3,2552
2020,2000,P,F,4,1797
2020,2000,P,F,5,824
2020,2000,P,M,1,1135
2020,2000,P,M,2,2143
2020,2000,P,M,3,2398
2020,2000,P,M,4,2520
2020,2000,P,M,5,2068
2020,2000,Q,F,1,8677
2020,2000,Q,F,2,13646
2020,2000,Q,F,3,12751
2020,2000,Q,F,4,9670
2020,2000,Q,F,5,4479
2020,2000,Q,M,1,2542
2020,2000,Q,M,2,4875
2020,2000,Q,M,3,6077
2020,2000,Q,M,4,7606
2020,2000,Q,M,5,10791
2020,2000,R,F,1,1055
2020,2000,R,F,2,2330
2020,2000,R,F,3,2533
2020,2000,R,F,4,2073
2020,2000,R,F,5,1132
2020,2000,R,M,1,2579
2020,2000,R,M,2,5857
2020,2000,R,M,3,7176
2020,2000,R,M,4,7067
2020,2000,R,M,5,5145
2020,2000,S,F,1,6382
2020,2000,S,F,2,10328
2020,2000,S,F,3,11050
2020,2000,S,F,4,9814
2020,2000,S,F,5,4152
2020,2000,S,M,1,2325
2020,2000,S,M,2,6409
2020,2000,S,M,3,9355
2020,2000,S,M,4,11411
2020,2000,S,M,5,9802
2020,2000,T,F,1,1
2020,2000,T,F,2,17
2020,2000,T,F,3,36
2020,2000,T,F,4,36
2020,2000,T,F,5,29
2020,2000,T,M,1,4
2020,2000,T,M,2,26
2020,2000,T,M,3,79
2020,2000,T,M,4,82
2020,2000,T,M,5,135
2020,2000,U,F,3,1
2020,2000,U,M,3,1
2020,2000,X,F,1,4
2020,2000,X,F,2,10
2020,2000,X,F,3,6
2020,2000,X,F,4,7
2020,2000,X,F,5,11
2020,2000,X,M,1,5
2020,2000,X,M,2,10
2020,2000,X,M,3,10
2020,2000,X,M,4,10
2020,2000,X,M,5,16
2020,3000,A,F,1,148
2020,3000,A,F,2,564
2020,3000,A,F,3,759
2020,3000,A,F,4,1181
2020,3000,A,F,5,1592
2020,3000,A,M,1,1053
2020,3000,A,M,2,2555
2020,3000,A,M,3,3196
2020,3000,A,M,4,5095
2020,3000,A,M,5,5653
2020,3000,B,F,2,5
2020,3000,B,F,3,8
2020,3000,B,F,4,6
2020,3000,B,F,5,6
2020,3000,B,M,2,12
2020,3000,B,M,3,29
2020,3000,B,M,4,39
2020,3000,B,M,5,38
2020,3000,C,F,1,279
2020,3000,C,F,2,907
2020,3000,C,F,3,1107
2020,3000,C,F,4,941
2020,3000,C,F,5,644
2020,3000,C,M,1,712
2020,3000,C,M,2,2248
2020,3000,C,M,3,3097
2020,3000,C,M,4,3818
2020,3000,C,M,5,3074
2020,3000,D,F,1,2
2020,3000,D,F,2,5
2020,3000,D,F,3,9
2020,3000,D,F,4,18
2020,3000,D,F,5,9
2020,3000,D,M,1,17
2020,3000,D,M,2,44
2020,3000,D,M,3,81
2020,3000,D,M,4,66
2020,3000,D,M,5,85
2020,3000,E,F,1,3
2020,3000,E,F,2,15
2020,3000,E,F,3,22
2020,3000,E,F,4,36
2020,3000,E,F,5,28
2020,3000,E,M,1,33
2020,3000,E,M,2,129
2020,3000,E,M,3,158
2020,3000,E,M,4,169
2020,3000,E,M,5,209
2020,3000,F,F,1,125
2020,3000,F,F,2,525
2020,3000,F,F,3,696
2020,3000,F,F,4,710
2020,3000,F,F,5,461
2020,3000,F,M,1,2856
2020,3000,F,M,2,9304
2020,3000,F,M,3,11269
2020,3000,F,M,4,10106
2020,3000,F,M,5,6167
2020,3000,G,F,1,1535
2020,3000,G,F,2,4211
2020,3000,G,F,3,5391
2020,3000,G,F,4,4931
2020,3000,G,F,5,3284
2020,3000,G,M,1,2424
2020,3000,G,M,2,7051
2020,3000,G,M,3,10321
2020,3000,G,M,4,11829
2020,3000,G,M,5,9670
2020,3000,H,F,1,70
2020,3000,H,F,2,130
2020,3000,H,F,3,202
2020,3000,H,F,4,216
2020,3000,H,F,5,143
2020,3000,H,M,1,376
2020,3000,H,M,2,927
2020,3000,H,M,3,1360
2020,3000,H,M,4,1473
2020,3000,H,M,5,1096
2020,3000,I,F,1,500
2020,3000,I,F,2,1395
2020,3000,I,F,3,1953
2020,3000,I,F,4,1753
2020,3000,I,F,5,1129
2020,3000,I,M,1,1081
2020,3000,I,M,2,3037
2020,3000,I,M,3,4125
2020,3000,I,M,4,3892
2020,3000,I,M,5,2405
2020,3000,J,F,1,135
2020,3000,J,F,2,504
2020,3000,J,F,3,598
2020,3000,J,F,4,485
2020,3000,J,F,5,256
2020,3000,J,M,1,765
2020,3000,J,M,2,2974
2020,3000,J,M,3,3843
2020,3000,J,M,4,2950
2020,3000,J,M,5,1683
2020,3000,K,F,1,40
2020,3000,K,F,2,235
2020,3000,K,F,3,430
2020,3000,K,F,4,401
2020,3000,K,F,5,326
2020,3000,K,M,1,130
2020,3000,K,M,2,776
2020,3000,K,M,3,1331
2020,3000,K,M,4,1874
2020,3000,K,M,5,1852
2020,3000,L,F,1,295
2020,3000,L,F,2,787
2020,3000,L,F,3,946
2020,3000,L,F,4,986
2020,3000,L,F,5,862
2020,3000,L,M,1,535
2020,3000,L,M,2,1720
2020,3000,L,M,3,2511
2020,3000,L,M,4,2925
2020,3000,L,M,5,2805
2020,3000,M,F,1,2173
2020,3000,M,F,2,4498
2020,3000,M,F,3,4928
2020,3000,M,F,4,3657
2020,3000,M,F,5,2014
2020,3000,M,M,1,1971
2020,3000,M,M,2,7192
2020,3000,M,M,3,10401
2020,3000,M,M,4,10805
2020,3000,M,M,5,9986
2020,3000,N,F,1,277
2020,3000,N,F,2,1021
2020,3000,N,F,3,1539
2020,3000,N,F,4,1389
2020,3000,N,F,5,850
2020,3000,N,M,1,1516
2020,3000,N,M,2,3662
2020,3000,N,M,3,4204
2020,3000,N,M,4,3923
2020,3000,N,M,5,2927
2020,3000,O,F,1,1
2020,3000,O,F,2,18
2020,3000,O,F,3,36
2020,3000,O,F,4,37
2020,3000,O,F,5,24
2020,3000,O,M,1,3
2020,3000,O,M,2,20
2020,3000,O,M,3,46
2020,3000,O,M,4,114
2020,3000,O,M,5,151
2020,3000,P,F,1,376
2020,3000,P,F,2,1018
2020,3000,P,F,3,1324
2020,3000,P,F,4,1002
2020,3000,P,F,5,566
2020,3000,P,M,1,456
2020,3000,P,M,2,1098
2020,3000,P,M,3,1470
2020,3000,P,M,4,1333
2020,3000,P,M,5,1272
2020,3000,Q,F,1,4743
2020,3000,Q,F,2,8490
2020,3000,Q,F,3,8566
2020,3000,Q,F,4,6634
2020,3000,Q,F,5,4094
2020,3000,Q,M,1,1616
2020,3000,Q,M,2,3225
2020,3000,Q,M,3,4351
2020,3000,Q,M,4,4855
2020,3000,Q,M,5,7116
2020,3000,R,F,1,282
2020,3000,R,F,2,907
2020,3000,R,F,3,1217
2020,3000,R,F,4,1017
2020,3000,R,F,5,703
2020,3000,R,M,1,653
2020,3000,R,M,2,1980
2020,3000,R,M,3,2861
2020,3000,R,M,4,2895
2020,3000,R,M,5,2627
2020,3000,S,F,1,2147
2020,3000,S,F,2,4952
2020,3000,S,F,3,5453
2020,3000,S,F,4,4903
2020,3000,S,F,5,3084
2020,3000,S,M,1,951
2020,3000,S,M,2,3392
2020,3000,S,M,3,5674
2020,3000,S,M,4,6703
2020,3000,S,M,5,7303
2020,3000,T,F,2,4
2020,3000,T,F,3,15
2020,3000,T,F,4,7
2020,3000,T,F,5,10
2020,3000,T,M,1,2
2020,3000,T,M,2,11
2020,3000,T,M,3,18
2020,3000,T,M,4,23
2020,3000,T,M,5,46
2020,3000,U,F,2,1
2020,3000,U,M,3,1
2020,3000,X,F,1,3
2020,3000,X,F,2,5
2020,3000,X,F,3,2
2020,3000,X,F,4,1
2020,3000,X,M,1,4
2020,3000,X,M,2,4
2020,3000,X,M,3,5
2020,3000,X,M,4,3
2020,3000,X,M,5,2
2020,4000,A,F,1,8
2020,4000,A,F,2,19
2020,4000,A,F,3,20
2020,4000,A,F,4,27
2020,4000,A,F,5,25
2020,4000,A,M,1,19
2020,4000,A,M,2,73
2020,4000,A,M,3,76
2020,4000,A,M,4,71
2020,4000,A,M,5,88
2020,4000,B,F,3,1
2020,4000,B,M,2,5
2020,4000,B,M,3,2
2020,4000,B,M,4,2
2020,4000,B,M,5,6
2020,4000,C,F,1,66
2020,4000,C,F,2,205
2020,4000,C,F,3,246
2020,4000,C,F,4,244
2020,4000,C,F,5,161
2020,4000,C,M,1,165
2020,4000,C,M,2,617
2020,4000,C,M,3,799
2020,4000,C,M,4,852
2020,4000,C,M,5,659
2020,4000,D,F,1,1
2020,4000,D,F,2,3
2020,4000,D,F,3,5
2020,4000,D,F,4,5
2020,4000,D,F,5,2
2020,4000,D,M,1,7
2020,4000,D,M,2,22
2020,4000,D,M,3,27
2020,4000,D,M,4,55
2020,4000,D,M,5,31
2020,4000,E,F,1,1
2020,4000,E,F,2,7
2020,4000,E,F,3,7
2020,4000,E,F,4,9
2020,4000,E,F,5,6
2020,4000,E,M,1,4
2020,4000,E,M,2,19
2020,4000,E,M,3,22
2020,4000,E,M,4,30
2020,4000,E,M,5,30
2020,4000,F,F,1,94
2020,4000,F,F,2,259
2020,4000,F,F,3,340
2020,4000,F,F,4,242
2020,4000,F,F,5,162
2020,4000,F,M,1,1310
2020,4000,F,M,2,4104
2020,4000,F,M,3,4955
2020,4000,F,M,4,3532
2020,4000,F,M,5,1614
2020,4000,G,F,1,314
2020,4000,G,F,2,967
2020,4000,G,F,3,1250
2020,4000,G,F,4,1197
2020,4000,G,F,5,893
2020,4000,G,M,1,1106
2020,4000,G,M,2,3325
2020,4000,G,M,3,4580
2020,4000,G,M,4,4501
2020,4000,G,M,5,3126
2020,4000,H,F,1,81
2020,4000,H,F,2,139
2020,4000,H,F,3,128
2020,4000,H,F,4,89
2020,4000,H,F,5,45
2020,4000,H,M,1,758
2020,4000,H,M,2,1489
2020,4000,H,M,3,1452
2020,4000,H,M,4,883
2020,4000,H,M,5,475
2020,4000,I,F,1,180
2020,4000,I,F,2,615
2020,4000,I,F,3,698
2020,4000,I,F,4,508
2020,4000,I,F,5,265
2020,4000,I,M,1,658
2020,4000,I,M,2,1969
2020,4000,I,M,3,2308
2020,4000,I,M,4,1785
2020,4000,I,M,5,1015
2020,4000,J,F,1,116
2020,4000,J,F,2,457
2020,4000,J,F,3,521
2020,4000,J,F,4,369
2020,4000,J,F,5,241
2020,4000,J,M,1,537
2020,4000,J,M,2,2455
2020,4000,J,M,3,2954
2020,4000,J,M,4,2021
2020,4000,J,M,5,1215
2020,4000,K,F,1,16
2020,4000,K,F,2,85
2020,4000,K,F,3,216
2020,4000,K,F,4,315
2020,4000,K,F,5,217
2020,4000,K,M,1,50
2020,4000,K,M,2,267
2020,4000,K,M,3,822
2020,4000,K,M,4,1288
2020,4000,K,M,5,1407
2020,4000,L,F,1,86
2020,4000,L,F,2,370
2020,4000,L,F,3,560
2020,4000,L,F,4,608
2020,4000,L,F,5,584
2020,4000,L,M,1,241
2020,4000,L,M,2,1027
2020,4000,L,M,3,1690
2020,4000,L,M,4,1911
2020,4000,L,M,5,2085
2020,4000,M,F,1,1702
2020,4000,M,F,2,3205
2020,4000,M,F,3,2947
2020,4000,M,F,4,2528
2020,4000,M,F,5,1429
2020,4000,M,M,1,1529
2020,4000,M,M,2,5227
2020,4000,M,M,3,6600
2020,4000,M,M,4,6657
2020,4000,M,M,5,5813
2020,4000,N,F,1,157
2020,4000,N,F,2,503
2020,4000,N,F,3,730
2020,4000,N,F,4,622
2020,4000,N,F,5,344
2020,4000,N,M,1,417
2020,4000,N,M,2,1355
2020,4000,N,M,3,1956
2020,4000,N,M,4,1680
2020,4000,N,M,5,1178
2020,4000,O,F,1,8
2020,4000,O,F,2,11
2020,4000,O,F,3,29
2020,4000,O,F,4,46
2020,4000,O,F,5,33
2020,4000,O,M,1,3
2020,4000,O,M,2,21
2020,4000,O,M,3,59
2020,4000,O,M,4,94
2020,4000,O,M,5,139
2020,4000,P,F,1,132
2020,4000,P,F,2,444
2020,4000,P,F,3,503
2020,4000,P,F,4,437
2020,4000,P,F,5,282
2020,4000,P,M,1,172
2020,4000,P,M,2,501
2020,4000,P,M,3,619
2020,4000,P,M,4,615
2020,4000,P,M,5,649
2020,4000,Q,F,1,1132
2020,4000,Q,F,2,2158
2020,4000,Q,F,3,2011
2020,4000,Q,F,4,1759
2020,4000,Q,F,5,1505
2020,4000,Q,M,1,569
2020,4000,Q,M,2,1390
2020,4000,Q,M,3,1351
2020,4000,Q,M,4,1705
2020,4000,Q,M,5,2748
2020,4000,R,F,1,122
2020,4000,R,F,2,506
2020,4000,R,F,3,528
2020,4000,R,F,4,491
2020,4000,R,F,5,301
2020,4000,R,M,1,250
2020,4000,R,M,2,946
2020,4000,R,M,3,1159
2020,4000,R,M,4,1230
2020,4000,R,M,5,1117
2020,4000,S,F,1,393
2020,4000,S,F,2,1310
2020,4000,S,F,3,1850
2020,4000,S,F,4,1773
2020,4000,S,F,5,1253
2020,4000,S,M,1,446
2020,4000,S,M,2,2097
2020,4000,S,M,3,3621
2020,4000,S,M,4,4472
2020,4000,S,M,5,4816
2020,4000,T,F,2,3
2020,4000,T,F,3,18
2020,4000,T,F,4,8
2020,4000,T,F,5,9
2020,4000,T,M,1,5
2020,4000,T,M,2,14
2020,4000,T,M,3,29
2020,4000,T,M,4,32
2020,4000,T,M,5,40
2020,4000,U,F,1,1
2020,4000,U,F,3,1
2020,4000,U,F,4,2
2020,4000,U,F,5,1
2020,4000,U,M,2,1
2020,4000,U,M,3,2
2020,4000,U,M,4,5
2020,4000,U,M,5,11
2020,4000,X,F,1,2
2020,4000,X,F,2,2
2020,4000,X,F,3,1
2020,4000,X,F,4,4
2020,4000,X,F,5,2
2020,4000,X,M,1,2
2020,4000,X,M,2,3
2020,4000,X,M,3,2
2020,4000,X,M,4,5
2020,4000,X,M,5,3
2021,2000,A,F,1,323
2021,2000,A,F,2,1031
2021,2000,A,F,3,1436
2021,2000,A,F,4,2035
2021,2000,A,F,5,2316
2021,2000,A,M,1,1389
2021,2000,A,M,2,3536
2021,2000,A,M,3,4744
2021,2000,A,M,4,7849
2021,2000,A,M,5,9692
2021,2000,B,F,2,2
2021,2000,B,F,3,1
2021,2000,B,F,4,7
2021,2000,B,F,5,5
2021,2000,B,M,1,1
2021,2000,B,M,2,5
2021,2000,B,M,3,10
2021,2000,B,M,4,17
2021,2000,B,M,5,19
2021,2000,C,F,1,1026
2021,2000,C,F,2,2222
2021,2000,C,F,3,2637
2021,2000,C,F,4,2549
2021,2000,C,F,5,1328
2021,2000,C,M,1,2577
2021,2000,C,M,2,6300
2021,2000,C,M,3,7625
2021,2000,C,M,4,8825
2021,2000,C,M,5,6004
2021,2000,D,F,1,17
2021,2000,D,F,2,27
2021,2000,D,F,3,34
2021,2000,D,F,4,40
2021,2000,D,F,5,22
2021,2000,D,M,1,75
2021,2000,D,M,2,120
2021,2000,D,M,3,164
2021,2000,D,M,4,208
2021,2000,D,M,5,193
2021,2000,E,F,1,11
2021,2000,E,F,2,37
2021,2000,E,F,3,67
2021,2000,E,F,4,77
2021,2000,E,F,5,43
2021,2000,E,M,1,84
2021,2000,E,M,2,186
2021,2000,E,M,3,269
2021,2000,E,M,4,343
2021,2000,E,M,5,279
2021,2000,F,F,1,536
2021,2000,F,F,2,1944
2021,2000,F,F,3,2766
2021,2000,F,F,4,2484
2021,2000,F,F,5,1187
2021,2000,F,M,1,10317
2021,2000,F,M,2,27058
2021,2000,F,M,3,28447
2021,2000,F,M,4,23722
2021,2000,F,M,5,13562
2021,2000,G,F,1,3721
2021,2000,G,F,2,8423
2021,2000,G,F,3,10735
2021,2000,G,F,4,12222
2021,2000,G,F,5,6859
2021,2000,G,M,1,7018
2021,2000,G,M,2,15534
2021,2000,G,M,3,20462
2021,2000,G,M,4,26420
2021,2000,G,M,5,21107
2021,2000,H,F,1,231
2021,2000,H,F,2,558
2021,2000,H,F,3,819
2021,2000,H,F,4,895
2021,2000,H,F,5,522
2021,2000,H,M,1,1791
2021,2000,H,M,2,3827
2021,2000,H,M,3,4291
2021,2000,H,M,4,4214
2021,2000,H,M,5,3362
2021,2000,I,F,1,1425
2021,2000,I,F,2,3856
2021,2000,I,F,3,5091
2021,2000,I,F,4,4646
2021,2000,I,F,5,2380
2021,2000,I,M,1,2821
2021,2000,I,M,2,7031
2021,2000,I,M,3,8874
2021,2000,I,M,4,8583
2021,2000,I,M,5,4547
2021,2000,J,F,1,558
2021,2000,J,F,2,1585
2021,2000,J,F,3,2046
2021,2000,J,F,4,1423
2021,2000,J,F,5,555
2021,2000,J,M,1,3395
2021,2000,J,M,2,9372
2021,2000,J,M,3,10655
2021,2000,J,M,4,7545
2021,2000,J,M,5,3962
2021,2000,K,F,1,97
2021,2000,K,F,2,480
2021,2000,K,F,3,1033
2021,2000,K,F,4,1682
2021,2000,K,F,5,1279
2021,2000,K,M,1,287
2021,2000,K,M,2,1343
2021,2000,K,M,3,2521
2021,2000,K,M,4,4738
2021,2000,K,M,5,5564
2021,2000,L,F,1,796
2021,2000,L,F,2,1925
2021,2000,L,F,3,2799
2021,2000,L,F,4,3441
2021,2000,L,F,5,2543
2021,2000,L,M,1,1335
2021,2000,L,M,2,3863
2021,2000,L,M,3,5826
2021,2000,L,M,4,7812
2021,2000,L,M,5,7795
2021,2000,M,F,1,6511
2021,2000,M,F,2,13243
2021,2000,M,F,3,14805
2021,2000,M,F,4,12394
2021,2000,M,F,5,5509
2021,2000,M,M,1,6899
2021,2000,M,M,2,21331
2021,2000,M,M,3,29029
2021,2000,M,M,4,31371
2021,2000,M,M,5,24064
2021,2000,N,F,1,886
2021,2000,N,F,2,2779
2021,2000,N,F,3,3740
2021,2000,N,F,4,3340
2021,2000,N,F,5,1798
2021,2000,N,M,1,4140
2021,2000,N,M,2,8992
2021,2000,N,M,3,9877
2021,2000,N,M,4,8766
2021,2000,N,M,5,6527
2021,2000,O,F,1,4
2021,2000,O,F,2,13
2021,2000,O,F,3,25
2021,2000,O,F,4,44
2021,2000,O,F,5,29
2021,2000,O,M,1,6
2021,2000,O,M,2,25
2021,2000,O,M,3,53
2021,2000,O,M,4,103
2021,2000,O,M,5,175
2021,2000,P,F,1,1224
2021,2000,P,F,2,2476
2021,2000,P,F,3,2764
2021,2000,P,F,4,1944
2021,2000,P,F,5,912
2021,2000,P,M,1,1234
2021,2000,P,M,2,2324
2021,2000,P,M,3,2557
2021,2000,P,M,4,2548
2021,2000,P,M,5,2243
2021,2000,Q,F,1,9116
2021,2000,Q,F,2,15107
2021,2000,Q,F,3,13310
2021,2000,Q,F,4,10235
2021,2000,Q,F,5,5015
2021,2000,Q,M,1,2585
2021,2000,Q,M,2,5338
2021,2000,Q,M,3,6053
2021,2000,Q,M,4,7383
2021,2000,Q,M,5,11317
2021,2000,R,F,1,1118
2021,2000,R,F,2,2471
2021,2000,R,F,3,2719
2021,2000,R,F,4,2172
2021,2000,R,F,5,1248
2021,2000,R,M,1,2609
2021,2000,R,M,2,5945
2021,2000,R,M,3,7426
2021,2000,R,M,4,7180
2021,2000,R,M,5,5505
2021,2000,S,F,1,6194
2021,2000,S,F,2,11194
2021,2000,S,F,3,11300
2021,2000,S,F,4,10277
2021,2000,S,F,5,4556
2021,2000,S,M,1,2310
2021,2000,S,M,2,6716
2021,2000,S,M,3,9438
2021,2000,S,M,4,11341
2021,2000,S,M,5,10360
2021,2000,T,F,1,5
2021,2000,T,F,2,21
2021,2000,T,F,3,43
2021,2000,T,F,4,29
2021,2000,T,F,5,37
2021,2000,T,M,1,4
2021,2000,T,M,2,35
2021,2000,T,M,3,103
2021,2000,T,M,4,98
2021,2000,T,M,5,137
2021,2000,U,F,3,1
2021,2000,U,M,3,1
2021,2000,X,F,1,11
2021,2000,X,F,2,16
2021,2000,X,F,3,10
2021,2000,X,F,4,6
2021,2000,X,F,5,10
2021,2000,X,M,1,10
2021,2000,X,M,2,12
2021,2000,X,M,3,14
2021,2000,X,M,4,19
2021,2000,X,M,5,19
2021,3000,A,F,1,154
2021,3000,A,F,2,603
2021,3000,A,F,3,785
2021,3000,A,F,4,1138
2021,3000,A,F,5,1662
2021,3000,A,M,1,957
2021,3000,A,M,2,2661
2021,3000,A,M,3,3140
2021,3000,A,M,4,5034
2021,3000,A,M,5,5964
2021,3000,B,F,1,1
2021,3000,B,F,2,5
2021,3000,B,F,3,8
2021,3000,B,F,4,8
2021,3000,B,F,5,5
2021,3000,B,M,1,2
2021,3000,B,M,2,8
2021,3000,B,M,3,33
2021,3000,B,M,4,45
2021,3000,B,M,5,43
2021,3000,C,F,1,318
2021,3000,C,F,2,996
2021,3000,C,F,3,1232
2021,3000,C,F,4,990
2021,3000,C,F,5,685
2021,3000,C,M,1,697
2021,3000,C,M,2,2368
2021,3000,C,M,3,3157
2021,3000,C,M,4,3862
2021,3000,C,M,5,3234
2021,3000,D,F,1,1
2021,3000,D,F,2,5
2021,3000,D,F,3,11
2021,3000,D,F,4,20
2021,3000,D,F,5,10
2021,3000,D,M,1,14
2021,3000,D,M,2,43
2021,3000,D,M,3,90
2021,3000,D,M,4,79
2021,3000,D,M,5,103
2021,3000,E,F,1,3
2021,3000,E,F,2,16
2021,3000,E,F,3,23
2021,3000,E,F,4,34
2021,3000,E,F,5,28
2021,3000,E,M,1,27
2021,3000,E,M,2,122
2021,3000,E,M,3,168
2021,3000,E,M,4,166
2021,3000,E,M,5,208
2021,3000,F,F,1,125
2021,3000,F,F,2,585
2021,3000,F,F,3,741
2021,3000,F,F,4,725
2021,3000,F,F,5,507
2021,3000,F,M,1,2879
2021,3000,F,M,2,9918
2021,3000,F,M,3,11681
2021,3000,F,M,4,10547
2021,3000,F,M,5,6601
2021,3000,G,F,1,1577
2021,3000,G,F,2,4479
2021,3000,G,F,3,5660
2021,3000,G,F,4,5199
2021,3000,G,F,5,3472
2021,3000,G,M,1,2490
2021,3000,G,M,2,7296
2021,3000,G,M,3,10304
2021,3000,G,M,4,11988
2021,3000,G,M,5,10197
2021,3000,H,F,1,69
2021,3000,H,F,2,139
2021,3000,H,F,3,218
2021,3000,H,F,4,224
2021,3000,H,F,5,148
2021,3000,H,M,1,375
2021,3000,H,M,2,979
2021,3000,H,M,3,1354
2021,3000,H,M,4,1530
2021,3000,H,M,5,1134
2021,3000,I,F,1,467
2021,3000,I,F,2,1423
2021,3000,I,F,3,2001
2021,3000,I,F,4,1831
2021,3000,I,F,5,1173
2021,3000,I,M,1,1046
2021,3000,I,M,2,3163
2021,3000,I,M,3,4218
2021,3000,I,M,4,4090
2021,3000,I,M,5,2550
2021,3000,J,F,1,130
2021,3000,J,F,2,530
2021,3000,J,F,3,637
2021,3000,J,F,4,526
2021,3000,J,F,5,270
2021,3000,J,M,1,804
2021,3000,J,M,2,3113
2021,3000,J,M,3,4038
2021,3000,J,M,4,3160
2021,3000,J,M,5,1821
2021,3000,K,F,1,36
2021,3000,K,F,2,235
2021,3000,K,F,3,406
2021,3000,K,F,4,436
2021,3000,K,F,5,336
2021,3000,K,M,1,123
2021,3000,K,M,2,766
2021,3000,K,M,3,1292
2021,3000,K,M,4,1853
2021,3000,K,M,5,1954
2021,3000,L,F,1,294
2021,3000,L,F,2,885
2021,3000,L,F,3,1023
2021,3000,L,F,4,1034
2021,3000,L,F,5,919
2021,3000,L,M,1,491
2021,3000,L,M,2,1919
2021,3000,L,M,3,2607
2021,3000,L,M,4,3017
2021,3000,L,M,5,3066
2021,3000,M,F,1,2158
2021,3000,M,F,2,4730
2021,3000,M,F,3,5257
2021,3000,M,F,4,3995
2021,3000,M,F,5,2246
2021,3000,M,M,1,1985
2021,3000,M,M,2,7602
2021,3000,M,M,3,10840
2021,3000,M,M,4,11302
2021,3000,M,M,5,10747
2021,3000,N,F,1,286
2021,3000,N,F,2,1092
2021,3000,N,F,3,1620
2021,3000,N,F,4,1496
2021,3000,N,F,5,930
2021,3000,N,M,1,1517
2021,3000,N,M,2,4031
2021,3000,N,M,3,4394
2021,3000,N,M,4,4054
2021,3000,N,M,5,3188
2021,3000,O,F,1,1
2021,3000,O,F,2,12
2021,3000,O,F,3,39
2021,3000,O,F,4,38
2021,3000,O,F,5,18
2021,3000,O,M,1,3
2021,3000,O,M,2,17
2021,3000,O,M,3,47
2021,3000,O,M,4,103
2021,3000,O,M,5,173
2021,3000,P,F,1,422
2021,3000,P,F,2,1095
2021,3000,P,F,3,1484
2021,3000,P,F,4,1062
2021,3000,P,F,5,657
2021,3000,P,M,1,489
2021,3000,P,M,2,1211
2021,3000,P,M,3,1498
2021,3000,P,M,4,1396
2021,3000,P,M,5,1389
2021,3000,Q,F,1,5102
2021,3000,Q,F,2,9404
2021,3000,Q,F,3,9078
2021,3000,Q,F,4,7016
2021,3000,Q,F,5,4485
2021,3000,Q,M,1,1759
2021,3000,Q,M,2,3654
2021,3000,Q,M,3,4348
2021,3000,Q,M,4,4824
2021,3000,Q,M,5,7412
2021,3000,R,F,1,295
2021,3000,R,F,2,949
2021,3000,R,F,3,1275
2021,3000,R,F,4,1048
2021,3000,R,F,5,783
2021,3000,R,M,1,638
2021,3000,R,M,2,2038
2021,3000,R,M,3,2898
2021,3000,R,M,4,2998
2021,3000,R,M,5,2781
2021,3000,S,F,1,2104
2021,3000,S,F,2,5267
2021,3000,S,F,3,5644
2021,3000,S,F,4,5181
2021,3000,S,F,5,3280
2021,3000,S,M,1,898
2021,3000,S,M,2,3530
2021,3000,S,M,3,5740
2021,3000,S,M,4,6731
2021,3000,S,M,5,7731
2021,3000,T,F,1,2
2021,3000,T,F,2,3
2021,3000,T,F,3,16
2021,3000,T,F,4,10
2021,3000,T,F,5,9
2021,3000,T,M,1,2
2021,3000,T,M,2,10
2021,3000,T,M,3,16
2021,3000,T,M,4,23
2021,3000,T,M,5,50
2021,3000,U,F,2,1
2021,3000,U,M,3,1
2021,3000,X,F,1,11
2021,3000,X,F,2,10
2021,3000,X,F,3,6
2021,3000,X,F,4,2
2021,3000,X,M,1,6
2021,3000,X,M,2,8
2021,3000,X,M,3,7
2021,3000,X,M,4,3
2021,3000,X,M,5,5
2021,4000,A,F,1,8
2021,4000,A,F,2,21
2021,4000,A,F,3,27
2021,4000,A,F,4,24
2021,4000,A,F,5,27
2021,4000,A,M,1,16
2021,4000,A,M,2,75
2021,4000,A,M,3,73
2021,4000,A,M,4,76
2021,4000,A,M,5,88
2021,4000,B,F,3,1
2021,4000,B,M,2,4
2021,4000,B,M,3,2
2021,4000,B,M,4,1
2021,4000,B,M,5,5
2021,4000,C,F,1,64
2021,4000,C,F,2,229
2021,4000,C,F,3,224
2021,4000,C,F,4,249
2021,4000,C,F,5,166
2021,4000,C,M,1,182
2021,4000,C,M,2,586
2021,4000,C,M,3,769
2021,4000,C,M,4,817
2021,4000,C,M,5,710
2021,4000,D,F,1,1
2021,4000,D,F,2,3
2021,4000,D,F,3,5
2021,4000,D,F,4,9
2021,4000,D,F,5,6
2021,4000,D,M,1,8
2021,4000,D,M,2,23
2021,4000,D,M,3,24
2021,4000,D,M,4,44
2021,4000,D,M,5,48
2021,4000,E,F,2,6
2021,4000,E,F,3,6
2021,4000,E,F,4,7
2021,4000,E,F,5,5
2021,4000,E,M,1,3
2021,4000,E,M,2,23
2021,4000,E,M,3,18
2021,4000,E,M,4,34
2021,4000,E,M,5,28
2021,4000,F,F,1,83
2021,4000,F,F,2,252
2021,4000,F,F,3,331
2021,4000,F,F,4,253
2021,4000,F,F,5,179
2021,4000,F,M,1,1160
2021,4000,F,M,2,3971
2021,4000,F,M,3,4954
2021,4000,F,M,4,3614
2021,4000,F,M,5,1694
2021,4000,G,F,1,324
2021,4000,G,F,2,968
2021,4000,G,F,3,1291
2021,4000,G,F,4,1190
2021,4000,G,F,5,901
2021,4000,G,M,1,1049
2021,4000,G,M,2,3284
2021,4000,G,M,3,4517
2021,4000,G,M,4,4441
2021,4000,G,M,5,3316
2021,4000,H,F,1,66
2021,4000,H,F,2,180
2021,4000,H,F,3,143
2021,4000,H,F,4,90
2021,4000,H,F,5,50
2021,4000,H,M,1,704
2021,4000,H,M,2,1565
2021,4000,H,M,3,1542
2021,4000,H,M,4,898
2021,4000,H,M,5,499
2021,4000,I,F,1,154
2021,4000,I,F,2,619
2021,4000,I,F,3,719
2021,4000,I,F,4,518
2021,4000,I,F,5,274
2021,4000,I,M,1,586
2021,4000,I,M,2,2015
2021,4000,I,M,3,2353
2021,4000,I,M,4,1766
2021,4000,I,M,5,1054
2021,4000,J,F,1,134
2021,4000,J,F,2,508
2021,4000,J,F,3,525
2021,4000,J,F,4,398
2021,4000,J,F,5,251
2021,4000,J,M,1,571
2021,4000,J,M,2,2445
2021,4000,J,M,3,3006
2021,4000,J,M,4,2152
2021,4000,J,M,5,1341
2021,4000,K,F,1,16
2021,4000,K,F,2,89
2021,4000,K,F,3,228
2021,4000,K,F,4,289
2021,4000,K,F,5,276
2021,4000,K,M,1,47
2021,4000,K,M,2,297
2021,4000,K,M,3,774
2021,4000,K,M,4,1255
2021,4000,K,M,5,1448
2021,4000,L,F,1,102
2021,4000,L,F,2,364
2021,4000,L,F,3,536
2021,4000,L,F,4,644
2021,4000,L,F,5,595
2021,4000,L,M,1,210
2021,4000,L,M,2,1118
2021,4000,L,M,3,1646
2021,4000,L,M,4,1908
2021,4000,L,M,5,2112
2021,4000,M,F,1,1769
2021,4000,M,F,2,3489
2021,4000,M,F,3,3032
2021,4000,M,F,4,2670
2021,4000,M,F,5,1541
2021,4000,M,M,1,1526
2021,4000,M,M,2,5473
2021,4000,M,M,3,6579
2021,4000,M,M,4,6808
2021,4000,M,M,5,6150
2021,4000,N,F,1,174
2021,4000,N,F,2,539
2021,4000,N,F,3,725
2021,4000,N,F,4,642
2021,4000,N,F,5,381
2021,4000,N,M,1,392
2021,4000,N,M,2,1353
2021,4000,N,M,3,1879
2021,4000,N,M,4,1814
2021,4000,N,M,5,1197
2021,4000,O,F,1,8
2021,4000,O,F,2,14
2021,4000,O,F,3,26
2021,4000,O,F,4,53
2021,4000,O,F,5,29
2021,4000,O,M,1,3
2021,4000,O,M,2,18
2021,4000,O,M,3,60
2021,4000,O,M,4,82
2021,4000,O,M,5,142
2021,4000,P,F,1,153
2021,4000,P,F,2,474
2021,4000,P,F,3,529
2021,4000,P,F,4,415
2021,4000,P,F,5,318
2021,4000,P,M,1,195
2021,4000,P,M,2,513
2021,4000,P,M,3,625
2021,4000,P,M,4,641
2021,4000,P,M,5,664
2021,4000,Q,F,1,1212
2021,4000,Q,F,2,2449
2021,4000,Q,F,3,2069
2021,4000,Q,F,4,1859
2021,4000,Q,F,5,1589
2021,4000,Q,M,1,575
2021,4000,Q,M,2,1635
2021,4000,Q,M,3,1370
2021,4000,Q,M,4,1637
2021,4000,Q,M,5,2820
2021,4000,R,F,1,153
2021,4000,R,F,2,536
2021,4000,R,F,3,566
2021,4000,R,F,4,535
2021,4000,R,F,5,345
2021,4000,R,M,1,250
2021,4000,R,M,2,934
2021,4000,R,M,3,1188
2021,4000,R,M,4,1282
2021,4000,R,M,5,1195
2021,4000,S,F,1,384
2021,4000,S,F,2,1393
2021,4000,S,F,3,1946
2021,4000,S,F,4,1838
2021,4000,S,F,5,1377
2021,4000,S,M,1,433
2021,4000,S,M,2,2118
2021,4000,S,M,3,3687
2021,4000,S,M,4,4426
2021,4000,S,M,5,5059
2021,4000,T,F,2,5
2021,4000,T,F,3,17
2021,4000,T,F,4,9
2021,4000,T,F,5,12
2021,4000,T,M,1,2
2021,4000,T,M,2,9
2021,4000,T,M,3,30
2021,4000,T,M,4,30
2021,4000,T,M,5,41
2021,4000,U,F,2,1
2021,4000,U,F,3,1
2021,4000,U,F,4,2
2021,4000,U,F,5,1
2021,4000,U,M,2,2
2021,4000,U,M,3,3
2021,4000,U,M,4,5
2021,4000,U,M,5,11
2021,4000,X,F,1,2
2021,4000,X,F,2,7
2021,4000,X,F,3,3
2021,4000,X,F,4,4
2021,4000,X,F,5,1
2021,4000,X,M,1,3
2021,4000,X,M,2,5
2021,4000,X,M,3,3
2021,4000,X,M,4,6
2021,4000,X,M,5,5
2022,2000,A,F,1,339
2022,2000,A,F,2,1090
2022,2000,A,F,3,1445
2022,2000,A,F,4,1982
2022,2000,A,F,5,2457
2022,2000,A,M,1,1264
2022,2000,A,M,2,3540
2022,2000,A,M,3,4606
2022,2000,A,M,4,7566
2022,2000,A,M,5,10189
2022,2000,B,F,2,3
2022,2000,B,F,3,1
2022,2000,B,F,4,6
2022,2000,B,F,5,5
2022,2000,B,M,1,1
2022,2000,B,M,2,10
2022,2000,B,M,3,12
2022,2000,B,M,4,12
2022,2000,B,M,5,23
2022,2000,C,F,1,948
2022,2000,C,F,2,2357
2022,2000,C,F,3,2680
2022,2000,C,F,4,2638
2022,2000,C,F,5,1420
2022,2000,C,M,1,2431
2022,2000,C,M,2,6416
2022,2000,C,M,3,7741
2022,2000,C,M,4,8785
2022,2000,C,M,5,6407
2022,2000,D,F,1,13
2022,2000,D,F,2,34
2022,2000,D,F,3,35
2022,2000,D,F,4,36
2022,2000,D,F,5,25
2022,2000,D,M,1,65
2022,2000,D,M,2,135
2022,2000,D,M,3,175
2022,2000,D,M,4,187
2022,2000,D,M,5,227
2022,2000,E,F,1,11
2022,2000,E,F,2,45
2022,2000,E,F,3,66
2022,2000,E,F,4,86
2022,2000,E,F,5,41
2022,2000,E,M,1,92
2022,2000,E,M,2,197
2022,2000,E,M,3,260
2022,2000,E,M,4,354
2022,2000,E,M,5,295
2022,2000,F,F,1,518
2022,2000,F,F,2,2100
2022,2000,F,F,3,2855
2022,2000,F,F,4,2655
2022,2000,F,F,5,1282
2022,2000,F,M,1,10136
2022,2000,F,M,2,28747
2022,2000,F,M,3,29959
2022,2000,F,M,4,24656
2022,2000,F,M,5,14589
2022,2000,G,F,1,3329
2022,2000,G,F,2,8432
2022,2000,G,F,3,10547
2022,2000,G,F,4,12323
2022,2000,G,F,5,7436
2022,2000,G,M,1,6462
2022,2000,G,M,2,15501
2022,2000,G,M,3,20169
2022,2000,G,M,4,26003
2022,2000,G,M,5,22120
2022,2000,H,F,1,208
2022,2000,H,F,2,589
2022,2000,H,F,3,820
2022,2000,H,F,4,905
2022,2000,H,F,5,556
2022,2000,H,M,1,1817
2022,2000,H,M,2,3985
2022,2000,H,M,3,4494
2022,2000,H,M,4,4251
2022,2000,H,M,5,3532
2022,2000,I,F,1,1338
2022,2000,I,F,2,3904
2022,2000,I,F,3,5101
2022,2000,I,F,4,4791
2022,2000,I,F,5,2529
2022,2000,I,M,1,2607
2022,2000,I,M,2,7230
2022,2000,I,M,3,9023
2022,2000,I,M,4,8716
2022,2000,I,M,5,4943
2022,2000,J,F,1,525
2022,2000,J,F,2,1711
2022,2000,J,F,3,2205
2022,2000,J,F,4,1522
2022,2000,J,F,5,640
2022,2000,J,M,1,3385
2022,2000,J,M,2,9822
2022,2000,J,M,3,11098
2022,2000,J,M,4,8072
2022,2000,J,M,5,4404
2022,2000,K,F,1,93
2022,2000,K,F,2,487
2022,2000,K,F,3,995
2022,2000,K,F,4,1700
2022,2000,K,F,5,1358
2022,2000,K,M,1,258
2022,2000,K,M,2,1346
2022,2000,K,M,3,2451
2022,2000,K,M,4,4540
2022,2000,K,M,5,5792
2022,2000,L,F,1,744
2022,2000,L,F,2,1995
2022,2000,L,F,3,2785
2022,2000,L,F,4,3531
2022,2000,L,F,5,2759
2022,2000,L,M,1,1287
2022,2000,L,M,2,3825
2022,2000,L,M,3,5841
2022,2000,L,M,4,7762
2022,2000,L,M,5,8280
2022,2000,M,F,1,6534
2022,2000,M,F,2,14234
2022,2000,M,F,3,15416
2022,2000,M,F,4,13210
2022,2000,M,F,5,6243
2022,2000,M,M,1,6885
2022,2000,M,M,2,22111
2022,2000,M,M,3,29818
2022,2000,M,M,4,32424
2022,2000,M,M,5,26145
2022,2000,N,F,1,965
2022,2000,N,F,2,3073
2022,2000,N,F,3,3992
2022,2000,N,F,4,3634
2022,2000,N,F,5,2021
2022,2000,N,M,1,4090
2022,2000,N,M,2,9493
2022,2000,N,M,3,10245
2022,2000,N,M,4,9052
2022,2000,N,M,5,7083
2022,2000,O,F,1,5
2022,2000,O,F,2,18
2022,2000,O,F,3,29
2022,2000,O,F,4,55
2022,2000,O,F,5,34
2022,2000,O,M,1,4
2022,2000,O,M,2,26
2022,2000,O,M,3,59
2022,2000,O,M,4,113
2022,2000,O,M,5,197
2022,2000,P,F,1,1167
2022,2000,P,F,2,2605
2022,2000,P,F,3,2886
2022,2000,P,F,4,2014
2022,2000,P,F,5,1050
2022,2000,P,M,1,1224
2022,2000,P,M,2,2491
2022,2000,P,M,3,2745
2022,2000,P,M,4,2552
2022,2000,P,M,5,2421
2022,2000,Q,F,1,8894
2022,2000,Q,F,2,16185
2022,2000,Q,F,3,13802
2022,2000,Q,F,4,10705
2022,2000,Q,F,5,5656
2022,2000,Q,M,1,2616
2022,2000,Q,M,2,5926
2022,2000,Q,M,3,6130
2022,2000,Q,M,4,7159
2022,2000,Q,M,5,11832
2022,2000,R,F,1,1119
2022,2000,R,F,2,2575
2022,2000,R,F,3,2916
2022,2000,R,F,4,2318
2022,2000,R,F,5,1360
2022,2000,R,M,1,2638
2022,2000,R,M,2,6215
2022,2000,R,M,3,7765
2022,2000,R,M,4,7327
2022,2000,R,M,5,5930
2022,2000,S,F,1,5624
2022,2000,S,F,2,11768
2022,2000,S,F,3,11479
2022,2000,S,F,4,10564
2022,2000,S,F,5,4862
2022,2000,S,M,1,2167
2022,2000,S,M,2,6959
2022,2000,S,M,3,9398
2022,2000,S,M,4,11334
2022,2000,S,M,5,11031
2022,2000,T,F,1,5
2022,2000,T,F,2,25
2022,2000,T,F,3,46
2022,2000,T,F,4,35
2022,2000,T,F,5,40
2022,2000,T,M,1,4
2022,2000,T,M,2,44
2022,2000,T,M,3,100
2022,2000,T,M,4,109
2022,2000,T,M,5,139
2022,2000,U,F,2,1
2022,2000,U,F,3,1
2022,2000,U,M,3,1
2022,2000,X,F,1,39
2022,2000,X,F,2,39
2022,2000,X,F,3,23
2022,2000,X,F,4,15
2022,2000,X,F,5,11
2022,2000,X,M,1,16
2022,2000,X,M,2,26
2022,2000,X,M,3,28
2022,2000,X,M,4,22
2022,2000,X,M,5,20
2022,3000,A,F,1,158
2022,3000,A,F,2,635
2022,3000,A,F,3,804
2022,3000,A,F,4,1109
2022,3000,A,F,5,1731
2022,3000,A,M,1,918
2022,3000,A,M,2,2679
2022,3000,A,M,3,3160
2022,3000,A,M,4,4792
2022,3000,A,M,5,6270
2022,3000,B,F,1,2
2022,3000,B,F,2,6
2022,3000,B,F,3,8
2022,3000,B,F,4,7
2022,3000,B,F,5,5
2022,3000,B,M,1,1
2022,3000,B,M,2,8
2022,3000,B,M,3,35
2022,3000,B,M,4,39
2022,3000,B,M,5,49
2022,3000,C,F,1,307
2022,3000,C,F,2,1061
2022,3000,C,F,3,1301
2022,3000,C,F,4,1069
2022,3000,C,F,5,737
2022,3000,C,M,1,713
2022,3000,C,M,2,2384
2022,3000,C,M,3,3170
2022,3000,C,M,4,3878
2022,3000,C,M,5,3389
2022,3000,D,F,1,1
2022,3000,D,F,2,5
2022,3000,D,F,3,8
2022,3000,D,F,4,16
2022,3000,D,F,5,14
2022,3000,D,M,1,14
2022,3000,D,M,2,40
2022,3000,D,M,3,82
2022,3000,D,M,4,76
2022,3000,D,M,5,120
2022,3000,E,F,1,2
2022,3000,E,F,2,17
2022,3000,E,F,3,36
2022,3000,E,F,4,35
2022,3000,E,F,5,27
2022,3000,E,M,1,30
2022,3000,E,M,2,114
2022,3000,E,M,3,173
2022,3000,E,M,4,162
2022,3000,E,M,5,209
2022,3000,F,F,1,146
2022,3000,F,F,2,572
2022,3000,F,F,3,770
2022,3000,F,F,4,734
2022,3000,F,F,5,531
2022,3000,F,M,1,2698
2022,3000,F,M,2,10383
2022,3000,F,M,3,11743
2022,3000,F,M,4,10826
2022,3000,F,M,5,7096
2022,3000,G,F,1,1281
2022,3000,G,F,2,4340
2022,3000,G,F,3,5645
2022,3000,G,F,4,5325
2022,3000,G,F,5,3666
2022,3000,G,M,1,2199
2022,3000,G,M,2,7311
2022,3000,G,M,3,10097
2022,3000,G,M,4,11892
2022,3000,G,M,5,10723
2022,3000,H,F,1,54
2022,3000,H,F,2,154
2022,3000,H,F,3,214
2022,3000,H,F,4,232
2022,3000,H,F,5,166
2022,3000,H,M,1,347
2022,3000,H,M,2,999
2022,3000,H,M,3,1335
2022,3000,H,M,4,1505
2022,3000,H,M,5,1189
2022,3000,I,F,1,461
2022,3000,I,F,2,1454
2022,3000,I,F,3,2052
2022,3000,I,F,4,1882
2022,3000,I,F,5,1219
2022,3000,I,M,1,1042
2022,3000,I,M,2,3225
2022,3000,I,M,3,4155
2022,3000,I,M,4,4247
2022,3000,I,M,5,2673
2022,3000,J,F,1,120
2022,3000,J,F,2,553
2022,3000,J,F,3,673
2022,3000,J,F,4,539
2022,3000,J,F,5,303
2022,3000,J,M,1,760
2022,3000,J,M,2,3241
2022,3000,J,M,3,4122
2022,3000,J,M,4,3317
2022,3000,J,M,5,2008
2022,3000,K,F,1,33
2022,3000,K,F,2,247
2022,3000,K,F,3,400
2022,3000,K,F,4,442
2022,3000,K,F,5,364
2022,3000,K,M,1,117
2022,3000,K,M,2,741
2022,3000,K,M,3,1212
2022,3000,K,M,4,1853
2022,3000,K,M,5,2011
2022,3000,L,F,1,294
2022,3000,L,F,2,939
2022,3000,L,F,3,1065
2022,3000,L,F,4,1046
2022,3000,L,F,5,952
2022,3000,L,M,1,478
2022,3000,L,M,2,2080
2022,3000,L,M,3,2629
2022,3000,L,M,4,3062
2022,3000,L,M,5,3225
2022,3000,M,F,1,2196
2022,3000,M,F,2,4997
2022,3000,M,F,3,5552
2022,3000,M,F,4,4360
2022,3000,M,F,5,2450
2022,3000,M,M,1,2037
2022,3000,M,M,2,7851
2022,3000,M,M,3,11050
2022,3000,M,M,4,11786
2022,3000,M,M,5,11349
2022,3000,N,F,1,283
2022,3000,N,F,2,1143
2022,3000,N,F,3,1668
2022,3000,N,F,4,1616
2022,3000,N,F,5,974
2022,3000,N,M,1,1535
2022,3000,N,M,2,4218
2022,3000,N,M,3,4488
2022,3000,N,M,4,4167
2022,3000,N,M,5,3412
2022,3000,O,F,1,1
2022,3000,O,F,2,11
2022,3000,O,F,3,41
2022,3000,O,F,4,39
2022,3000,O,F,5,20
2022,3000,O,M,1,6
2022,3000,O,M,2,18
2022,3000,O,M,3,41
2022,3000,O,M,4,107
2022,3000,O,M,5,196
2022,3000,P,F,1,384
2022,3000,P,F,2,1183
2022,3000,P,F,3,1565
2022,3000,P,F,4,1129
2022,3000,P,F,5,712
2022,3000,P,M,1,448
2022,3000,P,M,2,1273
2022,3000,P,M,3,1513
2022,3000,P,M,4,1459
2022,3000,P,M,5,1463
2022,3000,Q,F,1,4976
2022,3000,Q,F,2,10184
2022,3000,Q,F,3,9520
2022,3000,Q,F,4,7397
2022,3000,Q,F,5,4869
2022,3000,Q,M,1,1780
2022,3000,Q,M,2,4109
2022,3000,Q,M,3,4309
2022,3000,Q,M,4,4923
2022,3000,Q,M,5,7642
2022,3000,R,F,1,329
2022,3000,R,F,2,1038
2022,3000,R,F,3,1365
2022,3000,R,F,4,1096
2022,3000,R,F,5,879
2022,3000,R,M,1,622
2022,3000,R,M,2,2168
2022,3000,R,M,3,2955
2022,3000,R,M,4,3059
2022,3000,R,M,5,2904
2022,3000,S,F,1,2006
2022,3000,S,F,2,5565
2022,3000,S,F,3,5767
2022,3000,S,F,4,5415
2022,3000,S,F,5,3407
2022,3000,S,M,1,912
2022,3000,S,M,2,3551
2022,3000,S,M,3,5665
2022,3000,S,M,4,6783
2022,3000,S,M,5,7985
2022,3000,T,F,1,1
2022,3000,T,F,2,4
2022,3000,T,F,3,14
2022,3000,T,F,4,13
2022,3000,T,F,5,7
2022,3000,T,M,1,2
2022,3000,T,M,2,9
2022,3000,T,M,3,19
2022,3000,T,M,4,23
2022,3000,T,M,5,47
2022,3000,U,F,3,1
2022,3000,U,M,2,1
2022,3000,U,M,3,1
2022,3000,X,F,1,30
2022,3000,X,F,2,27
2022,3000,X,F,3,16
2022,3000,X,F,4,6
2022,3000,X,F,5,1
2022,3000,X,M,1,22
2022,3000,X,M,2,15
2022,3000,X,M,3,13
2022,3000,X,M,4,3
2022,3000,X,M,5,4
2022,4000,A,F,1,8
2022,4000,A,F,2,19
2022,4000,A,F,3,25
2022,4000,A,F,4,23
2022,4000,A,F,5,30
2022,4000,A,M,1,20
2022,4000,A,M,2,59
2022,4000,A,M,3,76
2022,4000,A,M,4,68
2022,4000,A,M,5,88
2022,4000,B,F,3,2
2022,4000,B,M,2,1
2022,4000,B,M,3,4
2022,4000,B,M,4,1
2022,4000,B,M,5,3
2022,4000,C,F,1,75
2022,4000,C,F,2,217
2022,4000,C,F,3,218
2022,4000,C,F,4,258
2022,4000,C,F,5,182
2022,4000,C,M,1,168
2022,4000,C,M,2,603
2022,4000,C,M,3,738
2022,4000,C,M,4,818
2022,4000,C,M,5,724
2022,4000,D,F,1,2
2022,4000,D,F,2,7
2022,4000,D,F,3,5
2022,4000,D,F,4,12
2022,4000,D,F,5,6
2022,4000,D,M,1,7
2022,4000,D,M,2,33
2022,4000,D,M,3,21
2022,4000,D,M,4,50
2022,4000,D,M,5,60
2022,4000,E,F,1,1
2022,4000,E,F,2,5
2022,4000,E,F,3,5
2022,4000,E,F,4,8
2022,4000,E,F,5,5
2022,4000,E,M,1,4
2022,4000,E,M,2,18
2022,4000,E,M,3,17
2022,4000,E,M,4,36
2022,4000,E,M,5,30
2022,4000,F,F,1,71
2022,4000,F,F,2,246
2022,4000,F,F,3,329
2022,4000,F,F,4,256
2022,4000,F,F,5,177
2022,4000,F,M,1,1096
2022,4000,F,M,2,3779
2022,4000,F,M,3,4869
2022,4000,F,M,4,3667
2022,4000,F,M,5,1787
2022,4000,G,F,1,318
2022,4000,G,F,2,989
2022,4000,G,F,3,1241
2022,4000,G,F,4,1181
2022,4000,G,F,5,949
2022,4000,G,M,1,960
2022,4000,G,M,2,3108
2022,4000,G,M,3,4357
2022,4000,G,M,4,4376
2022,4000,G,M,5,3462
2022,4000,H,F,1,64
2022,4000,H,F,2,181
2022,4000,H,F,3,177
2022,4000,H,F,4,85
2022,4000,H,F,5,64
2022,4000,H,M,1,636
2022,4000,H,M,2,1595
2022,4000,H,M,3,1663
2022,4000,H,M,4,931
2022,4000,H,M,5,549
2022,4000,I,F,1,140
2022,4000,I,F,2,613
2022,4000,I,F,3,710
2022,4000,I,F,4,521
2022,4000,I,F,5,282
2022,4000,I,M,1,510
2022,4000,I,M,2,1997
2022,4000,I,M,3,2261
2022,4000,I,M,4,1773
2022,4000,I,M,5,1142
2022,4000,J,F,1,133
2022,4000,J,F,2,540
2022,4000,J,F,3,573
2022,4000,J,F,4,403
2022,4000,J,F,5,269
2022,4000,J,M,1,556
2022,4000,J,M,2,2586
2022,4000,J,M,3,3076
2022,4000,J,M,4,2251
2022,4000,J,M,5,1430
2022,4000,K,F,1,16
2022,4000,K,F,2,95
2022,4000,K,F,3,244
2022,4000,K,F,4,289
2022,4000,K,F,5,294
2022,4000,K,M,1,50
2022,4000,K,M,2,308
2022,4000,K,M,3,673
2022,4000,K,M,4,1178
2022,4000,K,M,5,1449
2022,4000,L,F,1,101
2022,4000,L,F,2,381
2022,4000,L,F,3,549
2022,4000,L,F,4,600
2022,4000,L,F,5,644
2022,4000,L,M,1,221
2022,4000,L,M,2,1090
2022,4000,L,M,3,1581
2022,4000,L,M,4,1851
2022,4000,L,M,5,2180
2022,4000,M,F,1,1809
2022,4000,M,F,2,3700
2022,4000,M,F,3,3093
2022,4000,M,F,4,2801
2022,4000,M,F,5,1624
2022,4000,M,M,1,1566
2022,4000,M,M,2,5682
2022,4000,M,M,3,6554
2022,4000,M,M,4,6986
2022,4000,M,M,5,6383
2022,4000,N,F,1,166
2022,4000,N,F,2,541
2022,4000,N,F,3,726
2022,4000,N,F,4,681
2022,4000,N,F,5,412
2022,4000,N,M,1,407
2022,4000,N,M,2,1358
2022,4000,N,M,3,1857
2022,4000,N,M,4,1816
2022,4000,N,M,5,1230
2022,4000,O,F,1,5
2022,4000,O,F,2,15
2022,4000,O,F,3,28
2022,4000,O,F,4,65
2022,4000,O,F,5,44
2022,4000,O,M,1,3
2022,4000,O,M,2,16
2022,4000,O,M,3,56
2022,4000,O,M,4,99
2022,4000,O,M,5,173
2022,4000,P,F,1,161
2022,4000,P,F,2,514
2022,4000,P,F,3,579
2022,4000,P,F,4,441
2022,4000,P,F,5,346
2022,4000,P,M,1,175
2022,4000,P,M,2,530
2022,4000,P,M,3,631
2022,4000,P,M,4,648
2022,4000,P,M,5,674
2022,4000,Q,F,1,1201
2022,4000,Q,F,2,2683
2022,4000,Q,F,3,2118
2022,4000,Q,F,4,1923
2022,4000,Q,F,5,1702
2022,4000,Q,M,1,624
2022,4000,Q,M,2,1739
2022,4000,Q,M,3,1398
2022,4000,Q,M,4,1645
2022,4000,Q,M,5,2898
2022,4000,R,F,1,187
2022,4000,R,F,2,578
2022,4000,R,F,3,581
2022,4000,R,F,4,525
2022,4000,R,F,5,385
2022,4000,R,M,1,266
2022,4000,R,M,2,986
2022,4000,R,M,3,1199
2022,4000,R,M,4,1290
2022,4000,R,M,5,1216
2022,4000,S,F,1,354
2022,4000,S,F,2,1423
2022,4000,S,F,3,1994
2022,4000,S,F,4,1840
2022,4000,S,F,5,1443
2022,4000,S,M,1,414
2022,4000,S,M,2,2204
2022,4000,S,M,3,3626
2022,4000,S,M,4,4406
2022,4000,S,M,5,5236
2022,4000,T,F,2,5
2022,4000,T,F,3,13
2022,4000,T,F,4,12
2022,4000,T,F,5,12
2022,4000,T,M,1,2
2022,4000,T,M,2,8
2022,4000,T,M,3,28
2022,4000,T,M,4,30
2022,4000,T,M,5,43
2022,4000,U,F,2,1
2022,4000,U,F,3,1
2022,4000,U,F,4,3
2022,4000,U,F,5,1
2022,4000,U,M,2,2
2022,4000,U,M,3,4
2022,4000,U,M,4,7
2022,4000,U,M,5,10
2022,4000,X,F,1,7
2022,4000,X,F,2,15
2022,4000,X,F,3,12
2022,4000,X,F,4,5
2022,4000,X,F,5,1
2022,4000,X,M,1,7
2022,4000,X,M,2,9
2022,4000,X,M,3,9
2022,4000,X,M,4,7
2022,4000,X,M,5,5
2023,2000,A,F,1,319
2023,2000,A,F,2,1165
2023,2000,A,F,3,1568
2023,2000,A,F,4,2139
2023,2000,A,F,5,2633
2023,2000,A,M,1,1198
2023,2000,A,M,2,3681
2023,2000,A,M,3,4724
2023,2000,A,M,4,7722
2023,2000,A,M,5,10877
2023,2000,B,F,2,2
2023,2000,B,F,3,2
2023,2000,B,F,4,5
2023,2000,B,F,5,7
2023,2000,B,M,2,13
2023,2000,B,M,3,14
2023,2000,B,M,4,10
2023,2000,B,M,5,26
2023,2000,C,F,1,824
2023,2000,C,F,2,2538
2023,2000,C,F,3,2909
2023,2000,C,F,4,2975
2023,2000,C,F,5,1687
2023,2000,C,M,1,2343
2023,2000,C,M,2,6807
2023,2000,C,M,3,8444
2023,2000,C,M,4,9831
2023,2000,C,M,5,7514
2023,2000,D,F,1,21
2023,2000,D,F,2,42
2023,2000,D,F,3,45
2023,2000,D,F,4,54
2023,2000,D,F,5,24
2023,2000,D,M,1,81
2023,2000,D,M,2,130
2023,2000,D,M,3,211
2023,2000,D,M,4,230
2023,2000,D,M,5,253
2023,2000,E,F,1,11
2023,2000,E,F,2,50
2023,2000,E,F,3,70
2023,2000,E,F,4,99
2023,2000,E,F,5,45
2023,2000,E,M,1,70
2023,2000,E,M,2,246
2023,2000,E,M,3,271
2023,2000,E,M,4,389
2023,2000,E,M,5,313
2023,2000,F,F,1,533
2023,2000,F,F,2,2415
2023,2000,F,F,3,3470
2023,2000,F,F,4,3358
2023,2000,F,F,5,1658
2023,2000,F,M,1,9620
2023,2000,F,M,2,31739
2023,2000,F,M,3,34190
2023,2000,F,M,4,28843
2023,2000,F,M,5,17779
2023,2000,G,F,1,2945
2023,2000,G,F,2,8936
2023,2000,G,F,3,11346
2023,2000,G,F,4,13751
2023,2000,G,F,5,8789
2023,2000,G,M,1,6118
2023,2000,G,M,2,16671
2023,2000,G,M,3,21924
2023,2000,G,M,4,28538
2023,2000,G,M,5,25848
2023,2000,H,F,1,192
2023,2000,H,F,2,648
2023,2000,H,F,3,919
2023,2000,H,F,4,1061
2023,2000,H,F,5,686
2023,2000,H,M,1,1790
2023,2000,H,M,2,4577
2023,2000,H,M,3,5130
2023,2000,H,M,4,4882
2023,2000,H,M,5,4127
2023,2000,I,F,1,1228
2023,2000,I,F,2,4327
2023,2000,I,F,3,5685
2023,2000,I,F,4,5391
2023,2000,I,F,5,2944
2023,2000,I,M,1,2512
2023,2000,I,M,2,7819
2023,2000,I,M,3,9996
2023,2000,I,M,4,9861
2023,2000,I,M,5,5846
2023,2000,J,F,1,524
2023,2000,J,F,2,1934
2023,2000,J,F,3,2660
2023,2000,J,F,4,1842
2023,2000,J,F,5,808
2023,2000,J,M,1,3361
2023,2000,J,M,2,10720
2023,2000,J,M,3,12872
2023,2000,J,M,4,9733
2023,2000,J,M,5,5386
2023,2000,K,F,1,80
2023,2000,K,F,2,525
2023,2000,K,F,3,1044
2023,2000,K,F,4,1807
2023,2000,K,F,5,1584
2023,2000,K,M,1,262
2023,2000,K,M,2,1433
2023,2000,K,M,3,2605
2023,2000,K,M,4,4791
2023,2000,K,M,5,6392
2023,2000,L,F,1,729
2023,2000,L,F,2,2184
2023,2000,L,F,3,3151
2023,2000,L,F,4,4017
2023,2000,L,F,5,3446
2023,2000,L,M,1,1230
2023,2000,L,M,2,4264
2023,2000,L,M,3,6635
2023,2000,L,M,4,8803
2023,2000,L,M,5,9826
2023,2000,M,F,1,6217
2023,2000,M,F,2,15515
2023,2000,M,F,3,17787
2023,2000,M,F,4,15788
2023,2000,M,F,5,7937
2023,2000,M,M,1,6932
2023,2000,M,M,2,24344
2023,2000,M,M,3,34345
2023,2000,M,M,4,38263
2023,2000,M,M,5,31869
2023,2000,N,F,1,979
2023,2000,N,F,2,3381
2023,2000,N,F,3,4579
2023,2000,N,F,4,4200
2023,2000,N,F,5,2423
2023,2000,N,M,1,4014
2023,2000,N,M,2,10382
2023,2000,N,M,3,11291
2023,2000,N,M,4,10241
2023,2000,N,M,5,8197
2023,2000,O,F,1,3
2023,2000,O,F,2,22
2023,2000,O,F,3,35
2023,2000,O,F,4,54
2023,2000,O,F,5,39
2023,2000,O,M,1,4
2023,2000,O,M,2,29
2023,2000,O,M,3,67
2023,2000,O,M,4,110
2023,2000,O,M,5,194
2023,2000,P,F,1,1039
2023,2000,P,F,2,2661
2023,2000,P,F,3,3148
2023,2000,P,F,4,2191
2023,2000,P,F,5,1187
2023,2000,P,M,1,1119
2023,2000,P,M,2,2717
2023,2000,P,M,3,2913
2023,2000,P,M,4,2649
2023,2000,P,M,5,2692
2023,2000,Q,F,1,8327
2023,2000,Q,F,2,17614
2023,2000,Q,F,3,15331
2023,2000,Q,F,4,12054
2023,2000,Q,F,5,6765
2023,2000,Q,M,1,2623
2023,2000,Q,M,2,6648
2023,2000,Q,M,3,6823
2023,2000,Q,M,4,7891
2023,2000,Q,M,5,13262
2023,2000,R,F,1,1080
2023,2000,R,F,2,2807
2023,2000,R,F,3,3192
2023,2000,R,F,4,2519
2023,2000,R,F,5,1559
2023,2000,R,M,1,2483
2023,2000,R,M,2,6737
2023,2000,R,M,3,8339
2023,2000,R,M,4,7752
2023,2000,R,M,5,6557
2023,2000,S,F,1,4995
2023,2000,S,F,2,12416
2023,2000,S,F,3,12082
2023,2000,S,F,4,10986
2023,2000,S,F,5,5419
2023,2000,S,M,1,2065
2023,2000,S,M,2,7144
2023,2000,S,M,3,9785
2023,2000,S,M,4,11644
2023,2000,S,M,5,11723
2023,2000,T,F,1,6
2023,2000,T,F,2,22
2023,2000,T,F,3,57
2023,2000,T,F,4,42
2023,2000,T,F,5,42
2023,2000,T,M,1,9
2023,2000,T,M,2,49
2023,2000,T,M,3,111
2023,2000,T,M,4,109
2023,2000,T,M,5,138
2023,2000,U,F,2,2
2023,2000,U,F,3,1
2023,2000,U,M,3,1
2023,2000,X,F,1,60
2023,2000,X,F,2,75
2023,2000,X,F,3,42
2023,2000,X,F,4,28
2023,2000,X,F,5,11
2023,2000,X,M,1,32
2023,2000,X,M,2,41
2023,2000,X,M,3,44
2023,2000,X,M,4,25
2023,2000,X,M,5,29
2023,3000,A,F,1,146
2023,3000,A,F,2,674
2023,3000,A,F,3,849
2023,3000,A,F,4,1149
2023,3000,A,F,5,1872
2023,3000,A,M,1,873
2023,3000,A,M,2,2837
2023,3000,A,M,3,3331
2023,3000,A,M,4,4859
2023,3000,A,M,5,6772
2023,3000,B,F,2,5
2023,3000,B,F,3,11
2023,3000,B,F,4,4
2023,3000,B,F,5,7
2023,3000,B,M,1,4
2023,3000,B,M,2,8
2023,3000,B,M,3,34
2023,3000,B,M,4,41
2023,3000,B,M,5,51
2023,3000,C,F,1,293
2023,3000,C,F,2,1135
2023,3000,C,F,3,1384
2023,3000,C,F,4,1170
2023,3000,C,F,5,829
2023,3000,C,M,1,664
2023,3000,C,M,2,2459
2023,3000,C,M,3,3383
2023,3000,C,M,4,4287
2023,3000,C,M,5,3924
2023,3000,D,F,1,1
2023,3000,D,F,2,5
2023,3000,D,F,3,5
2023,3000,D,F,4,18
2023,3000,D,F,5,13
2023,3000,D,M,1,12
2023,3000,D,M,2,34
2023,3000,D,M,3,83
2023,3000,D,M,4,88
2023,3000,D,M,5,127
2023,3000,E,F,2,15
2023,3000,E,F,3,40
2023,3000,E,F,4,35
2023,3000,E,F,5,32
2023,3000,E,M,1,34
2023,3000,E,M,2,115
2023,3000,E,M,3,185
2023,3000,E,M,4,181
2023,3000,E,M,5,222
2023,3000,F,F,1,125
2023,3000,F,F,2,645
2023,3000,F,F,3,936
2023,3000,F,F,4,950
2023,3000,F,F,5,659
2023,3000,F,M,1,2584
2023,3000,F,M,2,11162
2023,3000,F,M,3,13142
2023,3000,F,M,4,12556
2023,3000,F,M,5,8530
2023,3000,G,F,1,1061
2023,3000,G,F,2,4313
2023,3000,G,F,3,5839
2023,3000,G,F,4,5951
2023,3000,G,F,5,4165
2023,3000,G,M,1,2039
2023,3000,G,M,2,7643
2023,3000,G,M,3,10965
2023,3000,G,M,4,13114
2023,3000,G,M,5,12234
2023,3000,H,F,1,43
2023,3000,H,F,2,155
2023,3000,H,F,3,245
2023,3000,H,F,4,261
2023,3000,H,F,5,212
2023,3000,H,M,1,329
2023,3000,H,M,2,1071
2023,3000,H,M,3,1472
2023,3000,H,M,4,1664
2023,3000,H,M,5,1360
2023,3000,I,F,1,446
2023,3000,I,F,2,1576
2023,3000,I,F,3,2300
2023,3000,I,F,4,2159
2023,3000,I,F,5,1361
2023,3000,I,M,1,984
2023,3000,I,M,2,3559
2023,3000,I,M,3,4583
2023,3000,I,M,4,4806
2023,3000,I,M,5,3120
2023,3000,J,F,1,111
2023,3000,J,F,2,554
2023,3000,J,F,3,766
2023,3000,J,F,4,630
2023,3000,J,F,5,378
2023,3000,J,M,1,703
2023,3000,J,M,2,3430
2023,3000,J,M,3,4619
2023,3000,J,M,4,3909
2023,3000,J,M,5,2399
2023,3000,K,F,1,36
2023,3000,K,F,2,259
2023,3000,K,F,3,444
2023,3000,K,F,4,500
2023,3000,K,F,5,412
2023,3000,K,M,1,108
2023,3000,K,M,2,775
2023,3000,K,M,3,1260
2023,3000,K,M,4,2065
2023,3000,K,M,5,2249
2023,3000,L,F,1,286
2023,3000,L,F,2,1075
2023,3000,L,F,3,1258
2023,3000,L,F,4,1273
2023,3000,L,F,5,1225
2023,3000,L,M,1,438
2023,3000,L,M,2,2329
2023,3000,L,M,3,3054
2023,3000,L,M,4,3629
2023,3000,L,M,5,3959
2023,3000,M,F,1,2110
2023,3000,M,F,2,5376
2023,3000,M,F,3,6277
2023,3000,M,F,4,5168
2023,3000,M,F,5,2957
2023,3000,M,M,1,2018
2023,3000,M,M,2,8616
2023,3000,M,M,3,12551
2023,3000,M,M,4,13761
2023,3000,M,M,5,13324
2023,3000,N,F,1,285
2023,3000,N,F,2,1258
2023,3000,N,F,3,1770
2023,3000,N,F,4,1841
2023,3000,N,F,5,1149
2023,3000,N,M,1,1510
2023,3000,N,M,2,4513
2023,3000,N,M,3,4941
2023,3000,N,M,4,4654
2023,3000,N,M,5,3968
2023,3000,O,F,1,1
2023,3000,O,F,2,14
2023,3000,O,F,3,48
2023,3000,O,F,4,44
2023,3000,O,F,5,23
2023,3000,O,M,1,6
2023,3000,O,M,2,19
2023,3000,O,M,3,42
2023,3000,O,M,4,110
2023,3000,O,M,5,196
2023,3000,P,F,1,375
2023,3000,P,F,2,1198
2023,3000,P,F,3,1695
2023,3000,P,F,4,1231
2023,3000,P,F,5,801
2023,3000,P,M,1,436
2023,3000,P,M,2,1328
2023,3000,P,M,3,1577
2023,3000,P,M,4,1559
2023,3000,P,M,5,1561
2023,3000,Q,F,1,4696
2023,3000,Q,F,2,11116
2023,3000,Q,F,3,10365
2023,3000,Q,F,4,8438
2023,3000,Q,F,5,5589
2023,3000,Q,M,1,1797
2023,3000,Q,M,2,4676
2023,3000,Q,M,3,4685
2023,3000,Q,M,4,5587
2023,3000,Q,M,5,8858
2023,3000,R,F,1,348
2023,3000,R,F,2,1088
2023,3000,R,F,3,1425
2023,3000,R,F,4,1207
2023,3000,R,F,5,994
2023,3000,R,M,1,593
2023,3000,R,M,2,2288
2023,3000,R,M,3,3126
2023,3000,R,M,4,3277
2023,3000,R,M,5,3184
2023,3000,S,F,1,1844
2023,3000,S,F,2,5838
2023,3000,S,F,3,5961
2023,3000,S,F,4,5738
2023,3000,S,F,5,3686
2023,3000,S,M,1,874
2023,3000,S,M,2,3697
2023,3000,S,M,3,5779
2023,3000,S,M,4,7007
2023,3000,S,M,5,8422
2023,3000,T,F,1,1
2023,3000,T,F,2,4
2023,3000,T,F,3,13
2023,3000,T,F,4,13
2023,3000,T,F,5,9
2023,3000,T,M,2,11
2023,3000,T,M,3,16
2023,3000,T,M,4,21
2023,3000,T,M,5,42
2023,3000,U,F,3,1
2023,3000,U,M,2,1
2023,3000,U,M,3,1
2023,3000,X,F,1,38
2023,3000,X,F,2,44
2023,3000,X,F,3,22
2023,3000,X,F,4,7
2023,3000,X,F,5,1
2023,3000,X,M,1,30
2023,3000,X,M,2,24
2023,3000,X,M,3,11
2023,3000,X,M,4,8
2023,3000,X,M,5,5
2023,4000,A,F,1,6
2023,4000,A,F,2,30
2023,4000,A,F,3,24
2023,4000,A,F,4,28
2023,4000,A,F,5,30
2023,4000,A,M,1,11
2023,4000,A,M,2,56
2023,4000,A,M,3,70
2023,4000,A,M,4,65
2023,4000,A,M,5,101
2023,4000,B,F,3,1
2023,4000,B,M,2,1
2023,4000,B,M,3,3
2023,4000,B,M,4,1
2023,4000,B,M,5,3
2023,4000,C,F,1,73
2023,4000,C,F,2,258
2023,4000,C,F,3,243
2023,4000,C,F,4,281
2023,4000,C,F,5,197
2023,4000,C,M,1,149
2023,4000,C,M,2,621
2023,4000,C,M,3,782
2023,4000,C,M,4,905
2023,4000,C,M,5,794
2023,4000,D,F,1,1
2023,4000,D,F,2,6
2023,4000,D,F,3,6
2023,4000,D,F,4,11
2023,4000,D,F,5,9
2023,4000,D,M,1,1
2023,4000,D,M,2,27
2023,4000,D,M,3,25
2023,4000,D,M,4,56
2023,4000,D,M,5,61
2023,4000,E,F,1,1
2023,4000,E,F,2,4
2023,4000,E,F,3,4
2023,4000,E,F,4,7
2023,4000,E,F,5,4
2023,4000,E,M,1,3
2023,4000,E,M,2,20
2023,4000,E,M,3,23
2023,4000,E,M,4,40
2023,4000,E,M,5,29
2023,4000,F,F,1,66
2023,4000,F,F,2,237
2023,4000,F,F,3,351
2023,4000,F,F,4,277
2023,4000,F,F,5,201
2023,4000,F,M,1,944
2023,4000,F,M,2,3872
2023,4000,F,M,3,5094
2023,4000,F,M,4,4098
2023,4000,F,M,5,1991
2023,4000,G,F,1,282
2023,4000,G,F,2,1047
2023,4000,G,F,3,1325
2023,4000,G,F,4,1344
2023,4000,G,F,5,1099
2023,4000,G,M,1,853
2023,4000,G,M,2,3269
2023,4000,G,M,3,4769
2023,4000,G,M,4,4739
2023,4000,G,M,5,3921
2023,4000,H,F,1,47
2023,4000,H,F,2,172
2023,4000,H,F,3,206
2023,4000,H,F,4,99
2023,4000,H,F,5,76
2023,4000,H,M,1,666
2023,4000,H,M,2,1777
2023,4000,H,M,3,1955
2023,4000,H,M,4,1124
2023,4000,H,M,5,627
2023,4000,I,F,1,128
2023,4000,I,F,2,675
2023,4000,I,F,3,760
2023,4000,I,F,4,622
2023,4000,I,F,5,327
2023,4000,I,M,1,466
2023,4000,I,M,2,2117
2023,4000,I,M,3,2493
2023,4000,I,M,4,2020
2023,4000,I,M,5,1323
2023,4000,J,F,1,151
2023,4000,J,F,2,573
2023,4000,J,F,3,627
2023,4000,J,F,4,463
2023,4000,J,F,5,299
2023,4000,J,M,1,545
2023,4000,J,M,2,2703
2023,4000,J,M,3,3341
2023,4000,J,M,4,2590
2023,4000,J,M,5,1660
2023,4000,K,F,1,8
2023,4000,K,F,2,95
2023,4000,K,F,3,269
2023,4000,K,F,4,295
2023,4000,K,F,5,339
2023,4000,K,M,1,41
2023,4000,K,M,2,308
2023,4000,K,M,3,674
2023,4000,K,M,4,1212
2023,4000,K,M,5,1472
2023,4000,L,F,1,88
2023,4000,L,F,2,409
2023,4000,L,F,3,593
2023,4000,L,F,4,664
2023,4000,L,F,5,709
2023,4000,L,M,1,191
2023,4000,L,M,2,1160
2023,4000,L,M,3,1733
2023,4000,L,M,4,2060
2023,4000,L,M,5,2397
2023,4000,M,F,1,1913
2023,4000,M,F,2,3862
2023,4000,M,F,3,3484
2023,4000,M,F,4,3187
2023,4000,M,F,5,1933
2023,4000,M,M,1,1583
2023,4000,M,M,2,6055
2023,4000,M,M,3,7215
2023,4000,M,M,4,7749
2023,4000,M,M,5,7487
2023,4000,N,F,1,145
2023,4000,N,F,2,612
2023,4000,N,F,3,770
2023,4000,N,F,4,779
2023,4000,N,F,5,477
2023,4000,N,M,1,387
2023,4000,N,M,2,1437
2023,4000,N,M,3,1901
2023,4000,N,M,4,1973
2023,4000,N,M,5,1385
2023,4000,O,F,1,4
2023,4000,O,F,2,14
2023,4000,O,F,3,31
2023,4000,O,F,4,74
2023,4000,O,F,5,48
2023,4000,O,M,1,5
2023,4000,O,M,2,14
2023,4000,O,M,3,60
2023,4000,O,M,4,106
2023,4000,O,M,5,199
2023,4000,P,F,1,133
2023,4000,P,F,2,551
2023,4000,P,F,3,620
2023,4000,P,F,4,484
2023,4000,P,F,5,400
2023,4000,P,M,1,170
2023,4000,P,M,2,529
2023,4000,P,M,3,668
2023,4000,P,M,4,683
2023,4000,P,M,5,729
2023,4000,Q,F,1,1236
2023,4000,Q,F,2,2895
2023,4000,Q,F,3,2354
2023,4000,Q,F,4,2146
2023,4000,Q,F,5,1891
2023,4000,Q,M,1,635
2023,4000,Q,M,2,1979
2023,4000,Q,M,3,1550
2023,4000,Q,M,4,1796
2023,4000,Q,M,5,3225
2023,4000,R,F,1,198
2023,4000,R,F,2,645
2023,4000,R,F,3,606
2023,4000,R,F,4,542
2023,4000,R,F,5,440
2023,4000,R,M,1,283
2023,4000,R,M,2,1018
2023,4000,R,M,3,1302
2023,4000,R,M,4,1323
2023,4000,R,M,5,1345
2023,4000,S,F,1,335
2023,4000,S,F,2,1473
2023,4000,S,F,3,2052
2023,4000,S,F,4,1978
2023,4000,S,F,5,1556
2023,4000,S,M,1,358
2023,4000,S,M,2,2172
2023,4000,S,M,3,3704
2023,4000,S,M,4,4511
2023,4000,S,M,5,5509
2023,4000,T,F,2,6
2023,4000,T,F,3,14
2023,4000,T,F,4,16
2023,4000,T,F,5,12
2023,4000,T,M,1,2
2023,4000,T,M,2,10
2023,4000,T,M,3,25
2023,4000,T,M,4,31
2023,4000,T,M,5,47
2023,4000,U,F,2,1
2023,4000,U,F,3,2
2023,4000,U,F,4,1
2023,4000,U,F,5,1
2023,4000,U,M,2,1
2023,4000,U,M,3,4
2023,4000,U,M,4,8
2023,4000,U,M,5,12
2023,4000,X,F,1,18
2023,4000,X,F,2,17
2023,4000,X,F,3,10
2023,4000,X,F,4,9
2023,4000,X,F,5,2
2023,4000,X,M,1,16
2023,4000,X,M,2,20
2023,4000,X,M,3,4
2023,4000,X,M,4,10
2023,4000,X,M,5,7
