y,r,s,v
2017,2000,A,32521
2017,2000,B,84
2017,2000,C,35958
2017,2000,D,748
2017,2000,E,1170
2017,2000,F,87220
2017,2000,G,123476
2017,2000,H,17306
2017,2000,I,44447
2017,2000,J,32473
2017,2000,K,17471
2017,2000,L,32777
2017,2000,M,135000
2017,2000,N,42635
2017,2000,O,468
2017,2000,P,15036
2017,2000,Q,70286
2017,2000,R,32813
2017,2000,S,71767
2017,2000,T,381
2017,2000,U,3
2017,2000,X,100
2017,3000,A,21216
2017,3000,B,152
2017,3000,C,15398
2017,3000,D,317
2017,3000,E,762
2017,3000,F,39222
2017,3000,G,58229
2017,3000,H,5632
2017,3000,I,20464
2017,3000,J,12285
2017,3000,K,7041
2017,3000,L,12312
2017,3000,M,50651
2017,3000,N,19350
2017,3000,O,554
2017,3000,P,8213
2017,3000,Q,47453
2017,3000,R,13309
2017,3000,S,40532
2017,3000,T,138
2017,3000,X,48
2017,4000,A,384
2017,4000,B,13
2017,4000,C,3935
2017,4000,D,229
2017,4000,E,108
2017,4000,F,15829
2017,4000,G,21175
2017,4000,H,4581
2017,4000,I,9536
2017,4000,J,9038
2017,4000,K,4385
2017,4000,L,8298
2017,4000,M,33467
2017,4000,N,8478
2017,4000,O,402
2017,4000,P,3682
2017,4000,Q,14438
2017,4000,R,5660
2017,4000,S,20375
2017,4000,T,150
2017,4000,U,19
2017,4000,X,23
2018,2000,A,33013
2018,2000,B,74
2018,2000,C,37054
2018,2000,D,785
2018,2000,E,1181
2018,2000,F,90099
2018,2000,G,124054
2018,2000,H,18058
2018,2000,I,45047
2018,2000,J,34513
2018,2000,K,17211
2018,2000,L,33916
2018,2000,M,141173
2018,2000,N,45033
2018,2000,O,465
2018,2000,P,16288
2018,2000,Q,73010
2018,2000,R,34359
2018,2000,S,75454
2018,2000,T,382
2018,2000,U,4
2018,2000,X,501
2018,3000,A,21431
2018,3000,B,159
2018,3000,C,15697
2018,3000,D,321
2018,3000,E,780
2018,3000,F,39804
2018,3000,G,58423
2018,3000,H,5823
2018,3000,I,20617
2018,3000,J,12928
2018,3000,K,7057
2018,3000,L,12755
2018,3000,M,52898
2018,3000,N,19981
2018,3000,O,592
2018,3000,P,8762
2018,3000,Q,49281
2018,3000,R,13918
2018,3000,S,42004
2018,3000,T,131
2018,3000,X,135
2018,4000,A,408
2018,4000,B,12
2018,4000,C,3959
2018,4000,D,208
2018,4000,E,113
2018,4000,F,16271
2018,4000,G,21071
2018,4000,H,5137
2018,4000,I,9626
2018,4000,J,9717
2018,4000,K,4359
2018,4000,L,8500
2018,4000,M,34787
2018,4000,N,8622
2018,4000,O,373
2018,4000,P,3881
2018,4000,Q,14797
2018,4000,R,6015
2018,4000,S,21023
2018,4000,T,150
2018,4000,U,16
2018,4000,X,142
2019,2000,A,33656
2019,2000,B,72
2019,2000,C,38459
2019,2000,D,946
2019,2000,E,1312
2019,2000,F,96524
2019,2000,G,125870
2019,2000,H,18989
2019,2000,I,45867
2019,2000,J,36737
2019,2000,K,17165
2019,2000,L,35484
2019,2000,M,149697
2019,2000,N,47833
2019,2000,O,532
2019,2000,P,17665
2019,2000,Q,77256
2019,2000,R,36135
2019,2000,S,79332
2019,2000,T,379
2019,2000,U,2
2019,2000,X,98
2019,3000,A,21651
2019,3000,B,158
2019,3000,C,16370
2019,3000,D,352
2019,3000,E,844
2019,3000,F,40834
2019,3000,G,59057
2019,3000,H,6003
2019,3000,I,20938
2019,3000,J,13676
2019,3000,K,7136
2019,3000,L,13665
2019,3000,M,55725
2019,3000,N,21164
2019,3000,O,564
2019,3000,P,9375
2019,3000,Q,51711
2019,3000,R,14985
2019,3000,S,44373
2019,3000,T,125
2019,3000,U,2
2019,3000,X,73
2019,4000,A,434
2019,4000,B,15
2019,4000,C,4011
2019,4000,D,190
2019,4000,E,107
2019,4000,F,16218
2019,4000,G,21043
2019,4000,H,5387
2019,4000,I,9708
2019,4000,J,10381
2019,4000,K,4471
2019,4000,L,8863
2019,4000,M,36400
2019,4000,N,8825
2019,4000,O,371
2019,4000,P,4156
2019,4000,Q,15675
2019,4000,R,6453
2019,4000,S,21784
2019,4000,T,153
2019,4000,U,15
2019,4000,X,26
2020,2000,A,34050
2020,2000,B,75
2020,2000,C,39662
2020,2000,D,918
2020,2000,E,1336
2020,2000,F,104756
2020,2000,G,129234
2020,2000,H,19529
2020,2000,I,47802
2020,2000,J,38793
2020,2000,K,18904
2020,2000,L,37088
2020,2000,M,157928
2020,2000,N,48064
2020,2000,O,477
2020,2000,P,18866
2020,2000,Q,81114
2020,2000,R,36947
2020,2000,S,81028
2020,2000,T,445
2020,2000,U,2
2020,2000,X,89
2020,3000,A,21796
2020,3000,B,143
2020,3000,C,16827
2020,3000,D,336
2020,3000,E,802
2020,3000,F,42219
2020,3000,G,60647
2020,3000,H,5993
2020,3000,I,21270
2020,3000,J,14193
2020,3000,K,7395
2020,3000,L,14372
2020,3000,M,57625
2020,3000,N,21308
2020,3000,O,450
2020,3000,P,9915
2020,3000,Q,53690
2020,3000,R,15142
2020,3000,S,44562
2020,3000,T,136
2020,3000,U,2
2020,3000,X,29
2020,4000,A,426
2020,4000,B,16
2020,4000,C,4014
2020,4000,D,158
2020,4000,E,135
2020,4000,F,16612
2020,4000,G,21259
2020,4000,H,5539
2020,4000,I,10001
2020,4000,J,10886
2020,4000,K,4683
2020,4000,L,9162
2020,4000,M,37637
2020,4000,N,8942
2020,4000,O,443
2020,4000,P,4354
2020,4000,Q,16328
2020,4000,R,6650
2020,4000,S,22031
2020,4000,T,158
2020,4000,U,24
2020,4000,X,26
2021,2000,A,34351
2021,2000,B,67
2021,2000,C,41093
2021,2000,D,900
2021,2000,E,1396
2021,2000,F,112023
2021,2000,G,132501
2021,2000,H,20510
2021,2000,I,49254
2021,2000,J,41096
2021,2000,K,19024
2021,2000,L,38135
2021,2000,M,165156
2021,2000,N,50845
2021,2000,O,477
2021,2000,P,20226
2021,2000,Q,85459
2021,2000,R,38393
2021,2000,S,83686
2021,2000,T,512
2021,2000,U,2
2021,2000,X,127
2021,3000,A,22098
2021,3000,B,158
2021,3000,C,17539
2021,3000,D,376
2021,3000,E,795
2021,3000,F,44309
2021,3000,G,62662
2021,3000,H,6170
2021,3000,I,21962
2021,3000,J,15029
2021,3000,K,7437
2021,3000,L,15255
2021,3000,M,60862
2021,3000,N,22608
2021,3000,O,451
2021,3000,P,10703
2021,3000,Q,57082
2021,3000,R,15703
2021,3000,S,46106
2021,3000,T,141
2021,3000,U,2
2021,3000,X,58
2021,4000,A,435
2021,4000,B,13
2021,4000,C,3996
2021,4000,D,171
2021,4000,E,130
2021,4000,F,16491
2021,4000,G,21281
2021,4000,H,5737
2021,4000,I,10058
2021,4000,J,11331
2021,4000,K,4719
2021,4000,L,9235
2021,4000,M,39037
2021,4000,N,9096
2021,4000,O,435
2021,4000,P,4527
2021,4000,Q,17215
2021,4000,R,6984
2021,4000,S,22661
2021,4000,T,155
2021,4000,U,26
2021,4000,X,39
2022,2000,A,34478
2022,2000,B,73
2022,2000,C,41823
2022,2000,D,932
2022,2000,E,1447
2022,2000,F,117497
2022,2000,G,132322
2022,2000,H,21157
2022,2000,I,50182
2022,2000,J,43384
2022,2000,K,19020
2022,2000,L,38809
2022,2000,M,173020
2022,2000,N,53648
2022,2000,O,540
2022,2000,P,21155
2022,2000,Q,88905
2022,2000,R,40163
2022,2000,S,85186
2022,2000,T,547
2022,2000,U,3
2022,2000,X,239
2022,3000,A,22256
2022,3000,B,160
2022,3000,C,18009
2022,3000,D,376
2022,3000,E,805
2022,3000,F,45499
2022,3000,G,62479
2022,3000,H,6195
2022,3000,I,22410
2022,3000,J,15636
2022,3000,K,7420
2022,3000,L,15770
2022,3000,M,63628
2022,3000,N,23504
2022,3000,O,480
2022,3000,P,11129
2022,3000,Q,59709
2022,3000,R,16415
2022,3000,S,47056
2022,3000,T,139
2022,3000,U,3
2022,3000,X,137
2022,4000,A,416
2022,4000,B,11
2022,4000,C,4001
2022,4000,D,203
2022,4000,E,129
2022,4000,F,16277
2022,4000,G,20941
2022,4000,H,5945
2022,4000,I,9949
2022,4000,J,11817
2022,4000,K,4596
2022,4000,L,9198
2022,4000,M,40198
2022,4000,N,9194
2022,4000,O,504
2022,4000,P,4699
2022,4000,Q,17931
2022,4000,R,7213
2022,4000,S,22940
2022,4000,T,153
2022,4000,U,29
2022,4000,X,77
2023,2000,A,36026
2023,2000,B,79
2023,2000,C,45872
2023,2000,D,1091
2023,2000,E,1564
2023,2000,F,133605
2023,2000,G,144866
2023,2000,H,24012
2023,2000,I,55609
2023,2000,J,49840
2023,2000,K,20523
2023,2000,L,44285
2023,2000,M,198997
2023,2000,N,59687
2023,2000,O,557
2023,2000,P,22316
2023,2000,Q,97338
2023,2000,R,43025
2023,2000,S,88259
2023,2000,T,585
2023,2000,U,4
2023,2000,X,387
2023,3000,A,23362
2023,3000,B,165
2023,3000,C,19528
2023,3000,D,386
2023,3000,E,859
2023,3000,F,51289
2023,3000,G,67324
2023,3000,H,6812
2023,3000,I,24894
2023,3000,J,17499
2023,3000,K,8108
2023,3000,L,18526
2023,3000,M,72158
2023,3000,N,25889
2023,3000,O,503
2023,3000,P,11761
2023,3000,Q,65807
2023,3000,R,17530
2023,3000,S,48846
2023,3000,T,130
2023,3000,U,3
2023,3000,X,190
2023,4000,A,421
2023,4000,B,9
2023,4000,C,4303
2023,4000,D,203
2023,4000,E,135
2023,4000,F,17131
2023,4000,G,22648
2023,4000,H,6749
2023,4000,I,10931
2023,4000,J,12952
2023,4000,K,4713
2023,4000,L,10004
2023,4000,M,44468
2023,4000,N,9866
2023,4000,O,555
2023,4000,P,4967
2023,4000,Q,19707
2023,4000,R,7702
2023,4000,S,23648
2023,4000,T,163
2023,4000,U,30
2023,4000,X,113
