nis,gemeente,gekozen_wm,bron,pdf_wm,kleurafstand,planning_wm,reden,definitief_wm
11018,Hemiksem,woonkade-rupelstreek,data,woonpunt-zennevallei,6.7,woonkade-rupelstreek,"onzekere kleurmatch (afstand 6.7, tweede keuze woonschakel-berg-en-nete); planning noemt andere woonmaatschappij(en): woonkade-rupelstreek; kleurmatch onzeker en planning eenduidig: planning gekozen",
13002,Baarle-Hertog,woonschakel-berg-en-nete,pdf,woonschakel-berg-en-nete,7.0,,"onzekere kleurmatch (afstand 7.0, tweede keuze woonpunt-zennevallei)",
23077,Sint-Pieters-Leeuw,woonpunt-zennevallei,pdf,woonpunt-zennevallei,0.0,het-vlaamse-woonanker,planning noemt andere woonmaatschappij(en): het-vlaamse-woonanker,
23096,Zemst,het-vlaamse-woonanker,pdf,het-vlaamse-woonanker,0.0,dijledal,planning noemt andere woonmaatschappij(en): dijledal,
23098,Drogenbos,woonschakel-berg-en-nete,pdf,woonschakel-berg-en-nete,4.8,,"onzekere kleurmatch (afstand 4.8, tweede keuze leefgoed)",
23100,Linkebeek,woonschakel-berg-en-nete,pdf,woonschakel-berg-en-nete,5.9,,"onzekere kleurmatch (afstand 5.9, tweede keuze woonpunt-zennevallei)",
33016,Mesen,woonsprong,pdf,woonsprong,9.1,,"onzekere kleurmatch (afstand 9.1, tweede keuze leefgoed)",
37011,Pittem,woonstart,pdf,woonstart,1.1,wm-vivus,planning noemt andere woonmaatschappij(en): wm-vivus,
44087,Lochristi,woonpijler,pdf,woonpijler,1.3,dimensa-wm,planning noemt andere woonmaatschappij(en): dimensa-wm,
