alias,wm_id,opmerking
Vivendo,vivendo,
SW+,sw,
Zetus,zetus,
Woonstart,woonstart,
Thuiswest,thuiswest,
Woonsprong,woonsprong,
Woonmaatschappij IJzer en Zee,wm-ijzer-en-zee,
Woonmaatschappij Iizer & Zee,wm-ijzer-en-zee,tikfout in bron
Ons Onderdak,ons-onderdak,
Woonmaatschappij Vivus,wm-vivus,
!mpuls Menen-Wervik,mpuls-menen-wervik,
WM Elan,wm-elan,
Stek92,stek-92,
de Thuisbouwer,de-thuisbouwer,
Woonmaatschappij Dender-Zuid,wm-dender-zuid,
Woonmaatschappij Meetjesland,wm-meetjesland,
Woonpijler,woonpijler,
Thuispunt Gent,thuispunt-gent,
Dimensa Woonmaatschappij,dimensa-wm,
Woonmaatschappij Vlaamse Ardennen,wm-vlaamse-ardennen,
WoonST,woonst,
Woonpunt Waas,woonpunt-waas,
Tuinwijk,tuinwijk,
De Voorkempen - H.E.,de-voorkempen-h-e,
Woonkade Rupelstreek,woonkade-rupelstreek,
Woonhaven Antwerpen,woonhaven-antwerpen,
Thuisrand,thuisrand,
Woonboog,woonboog,
Woonmaatschappij De Noorderkempen,wm-de-noorderkempen,
LeefGoed,leefgoed,
Woonstroom,woonstroom,
Woonschakel Berg en Nete,woonschakel-berg-en-nete,
Woonveer Klein-Brabant,woonveer-klein-brabant,
Woonmaatschappij Rivierenland,wm-rivierenland,
Providentia,providentia,
Het Vlaamse Woonanker,het-vlaamse-woonanker,
Inter Vilvoordse Maatschappij voor Huisvesting,inter-vilvoordse-mij-voor-huisvesting,
Woonpunt Zennevallei,woonpunt-zennevallei,
Dijledal,dijledal,
KANVAZ,kanvaz,
Woontrots,woontrots,
Wonen in Limburg,wonen-in-limburg-wil,alle kantoren ("Wonen in Limburg - Kantoor X") samengebracht
