forecast_month,forecast_label,source_publication_date,base_index_label,period,cpi_index,cpi_growth_rate,health_index,health_growth_rate,smoothed_health_index,pivotal_index
2025-05,mei 2025,2025-05-06,Index (2013=100),2025-01,135.39,4.08,135.52,4.09,131.18,130.67
2025-05,mei 2025,2025-05-06,Index (2013=100),2025-02,135.66,3.55,135.79,3.7,131.87,133.28
2025-05,mei 2025,2025-05-06,Index (2013=100),2025-03,135.56,2.91,135.91,3.16,132.53,133.28
2025-05,mei 2025,2025-05-06,Index (2013=100),2025-04,134.44,2.55,134.77,3.0,132.79,133.28
2025-05,mei 2025,2025-05-06,Index (2013=100),2025-05,134.41,2.15,134.69,2.49,132.58,133.28
2025-05,mei 2025,2025-05-06,Index (2013=100),2025-06,134.41,1.93,134.77,2.16,132.33,133.28
2025-05,mei 2025,2025-05-06,Index (2013=100),2025-07,134.52,1.29,134.9,1.55,132.09,133.28
2025-05,mei 2025,2025-05-06,Index (2013=100),2025-08,134.79,1.49,135.17,1.68,132.18,133.28
2025-05,mei 2025,2025-05-06,Index (2013=100),2025-09,134.2,1.55,134.59,1.65,132.16,133.28
2025-05,mei 2025,2025-05-06,Index (2013=100),2025-10,134.75,1.48,135.16,1.65,132.26,133.28
2025-05,mei 2025,2025-05-06,Index (2013=100),2025-11,134.82,1.36,135.27,1.54,132.35,133.28
2025-05,mei 2025,2025-05-06,Index (2013=100),2025-12,135.16,1.21,135.62,1.41,132.46,133.28
2025-05,mei 2025,2025-05-06,Index (2013=100),2026-01,136.37,0.72,136.79,0.94,133.0,133.28
2025-05,mei 2025,2025-05-06,Index (2013=100),2026-02,136.46,0.59,136.93,0.84,133.43,133.28
2025-05,mei 2025,2025-05-06,Index (2013=100),2026-03,136.59,0.76,137.11,0.88,133.88,135.95
2025-05,mei 2025,2025-05-06,Index (2013=100),2026-04,136.06,1.2,136.55,1.32,134.11,135.95
2025-05,mei 2025,2025-05-06,Index (2013=100),2026-05,136.3,1.41,136.72,1.51,134.09,135.95
2025-05,mei 2025,2025-05-06,Index (2013=100),2026-06,136.33,1.43,136.81,1.51,134.06,135.95
2025-05,mei 2025,2025-05-06,Index (2013=100),2026-07,136.6,1.55,137.08,1.62,134.05,135.95
2025-05,mei 2025,2025-05-06,Index (2013=100),2026-08,136.85,1.53,137.32,1.59,134.24,135.95
2025-05,mei 2025,2025-05-06,Index (2013=100),2026-09,136.29,1.56,136.77,1.62,134.26,135.95
2025-05,mei 2025,2025-05-06,Index (2013=100),2026-10,136.79,1.51,137.27,1.56,134.37,135.95
2025-05,mei 2025,2025-05-06,Index (2013=100),2026-11,136.84,1.5,137.36,1.55,134.44,135.95
2025-05,mei 2025,2025-05-06,Index (2013=100),2026-12,137.15,1.47,137.67,1.51,134.52,135.95
2025-06,juni 2025,2025-06-03,Index (2013=100),2025-01,135.39,4.08,135.52,4.09,131.18,130.67
2025-06,juni 2025,2025-06-03,Index (2013=100),2025-02,135.66,3.55,135.79,3.7,131.87,133.28
2025-06,juni 2025,2025-06-03,Index (2013=100),2025-03,135.56,2.91,135.91,3.16,132.53,133.28
2025-06,juni 2025,2025-06-03,Index (2013=100),2025-04,134.44,2.55,134.77,3.0,132.79,133.28
2025-06,juni 2025,2025-06-03,Index (2013=100),2025-05,134.23,2.01,134.54,2.37,132.55,133.28
2025-06,juni 2025,2025-06-03,Index (2013=100),2025-06,134.36,1.89,134.7,2.11,132.28,133.28
2025-06,juni 2025,2025-06-03,Index (2013=100),2025-07,134.58,1.33,134.91,1.56,132.04,133.28
2025-06,juni 2025,2025-06-03,Index (2013=100),2025-08,134.87,1.55,135.2,1.7,132.14,133.28
2025-06,juni 2025,2025-06-03,Index (2013=100),2025-09,134.28,1.61,134.63,1.68,132.16,133.28
2025-06,juni 2025,2025-06-03,Index (2013=100),2025-10,134.86,1.56,135.23,1.71,132.29,133.28
2025-06,juni 2025,2025-06-03,Index (2013=100),2025-11,134.94,1.45,135.35,1.6,132.4,133.28
2025-06,juni 2025,2025-06-03,Index (2013=100),2025-12,135.25,1.28,135.66,1.44,132.51,133.28
2025-06,juni 2025,2025-06-03,Index (2013=100),2026-01,136.42,0.76,136.8,0.94,133.04,133.28
2025-06,juni 2025,2025-06-03,Index (2013=100),2026-02,136.54,0.65,136.97,0.87,133.47,133.28
2025-06,juni 2025,2025-06-03,Index (2013=100),2026-03,136.68,0.83,137.15,0.91,133.91,135.95
2025-06,juni 2025,2025-06-03,Index (2013=100),2026-04,136.18,1.29,136.62,1.37,134.15,135.95
2025-06,juni 2025,2025-06-03,Index (2013=100),2026-05,136.36,1.59,136.8,1.68,134.15,135.95
2025-06,juni 2025,2025-06-03,Index (2013=100),2026-06,136.43,1.54,136.9,1.63,134.13,135.95
2025-06,juni 2025,2025-06-03,Index (2013=100),2026-07,136.72,1.59,137.17,1.68,134.14,135.95
2025-06,juni 2025,2025-06-03,Index (2013=100),2026-08,136.98,1.56,137.41,1.63,134.33,135.95
2025-06,juni 2025,2025-06-03,Index (2013=100),2026-09,136.42,1.59,136.85,1.65,134.34,135.95
2025-06,juni 2025,2025-06-03,Index (2013=100),2026-10,136.92,1.53,137.35,1.57,134.45,135.95
2025-06,juni 2025,2025-06-03,Index (2013=100),2026-11,136.97,1.5,137.45,1.55,134.52,135.95
2025-06,juni 2025,2025-06-03,Index (2013=100),2026-12,137.27,1.49,137.75,1.54,134.6,135.95
2025-07,juli 2025,2025-07-01,Index (2013=100),2025-01,135.39,4.08,135.52,4.09,131.18,130.67
2025-07,juli 2025,2025-07-01,Index (2013=100),2025-02,135.66,3.55,135.79,3.7,131.87,133.28
2025-07,juli 2025,2025-07-01,Index (2013=100),2025-03,135.56,2.91,135.91,3.16,132.53,133.28
2025-07,juli 2025,2025-07-01,Index (2013=100),2025-04,134.44,2.55,134.77,3.0,132.79,133.28
2025-07,juli 2025,2025-07-01,Index (2013=100),2025-05,134.23,2.01,134.54,2.37,132.55,133.28
2025-07,juli 2025,2025-07-01,Index (2013=100),2025-06,134.7,2.15,135.04,2.37,132.36,133.28
2025-07,juli 2025,2025-07-01,Index (2013=100),2025-07,135.17,1.78,135.47,1.98,132.26,133.28
2025-07,juli 2025,2025-07-01,Index (2013=100),2025-08,135.39,1.94,135.73,2.1,132.49,133.28
2025-07,juli 2025,2025-07-01,Index (2013=100),2025-09,134.72,1.94,135.1,2.03,132.63,133.28
2025-07,juli 2025,2025-07-01,Index (2013=100),2025-10,135.25,1.85,135.67,2.04,132.78,133.28
2025-07,juli 2025,2025-07-01,Index (2013=100),2025-11,135.3,1.72,135.77,1.91,132.86,133.28
2025-07,juli 2025,2025-07-01,Index (2013=100),2025-12,135.58,1.53,136.08,1.76,132.94,133.28
2025-07,juli 2025,2025-07-01,Index (2013=100),2026-01,136.67,0.95,137.12,1.18,133.44,133.28
2025-07,juli 2025,2025-07-01,Index (2013=100),2026-02,136.76,0.81,137.27,1.09,133.83,135.95
2025-07,juli 2025,2025-07-01,Index (2013=100),2026-03,136.87,0.97,137.42,1.11,134.23,135.95
2025-07,juli 2025,2025-07-01,Index (2013=100),2026-04,136.48,1.52,137.02,1.67,134.46,135.95
2025-07,juli 2025,2025-07-01,Index (2013=100),2026-05,136.48,1.68,137.01,1.84,134.44,135.95
2025-07,juli 2025,2025-07-01,Index (2013=100),2026-06,136.61,1.42,137.15,1.56,134.41,135.95
2025-07,juli 2025,2025-07-01,Index (2013=100),2026-07,136.87,1.26,137.39,1.42,134.4,135.95
2025-07,juli 2025,2025-07-01,Index (2013=100),2026-08,137.14,1.29,137.65,1.41,134.55,135.95
2025-07,juli 2025,2025-07-01,Index (2013=100),2026-09,136.86,1.59,137.4,1.7,134.65,135.95
2025-07,juli 2025,2025-07-01,Index (2013=100),2026-10,137.21,1.45,137.75,1.53,134.8,135.95
2025-07,juli 2025,2025-07-01,Index (2013=100),2026-11,137.32,1.49,137.89,1.56,134.92,135.95
2025-07,juli 2025,2025-07-01,Index (2013=100),2026-12,137.62,1.5,138.21,1.57,135.06,135.95
2025-09,september 2025,2025-09-02,Index (2013=100),2025-01,135.39,4.08,135.52,4.09,131.18,130.67
2025-09,september 2025,2025-09-02,Index (2013=100),2025-02,135.66,3.55,135.79,3.7,131.87,133.28
2025-09,september 2025,2025-09-02,Index (2013=100),2025-03,135.56,2.91,135.91,3.16,132.53,133.28
2025-09,september 2025,2025-09-02,Index (2013=100),2025-04,134.44,2.55,134.77,3.0,132.79,133.28
2025-09,september 2025,2025-09-02,Index (2013=100),2025-05,134.23,2.01,134.54,2.37,132.55,133.28
2025-09,september 2025,2025-09-02,Index (2013=100),2025-06,134.7,2.15,135.04,2.37,132.36,133.28
2025-09,september 2025,2025-09-02,Index (2013=100),2025-07,135.36,1.92,135.6,2.08,132.29,133.28
2025-09,september 2025,2025-09-02,Index (2013=100),2025-08,135.35,1.91,135.64,2.03,132.5,133.28
2025-09,september 2025,2025-09-02,Index (2013=100),2025-09,134.88,2.07,135.19,2.1,132.66,133.28
2025-09,september 2025,2025-09-02,Index (2013=100),2025-10,135.45,2.0,135.79,2.13,132.84,133.28
2025-09,september 2025,2025-09-02,Index (2013=100),2025-11,135.51,1.88,135.9,2.01,132.92,133.28
2025-09,september 2025,2025-09-02,Index (2013=100),2025-12,135.8,1.69,136.21,1.85,133.06,133.28
2025-09,september 2025,2025-09-02,Index (2013=100),2026-01,136.88,1.1,137.24,1.27,133.56,133.28
2025-09,september 2025,2025-09-02,Index (2013=100),2026-02,137.0,0.99,137.43,1.21,133.96,135.95
2025-09,september 2025,2025-09-02,Index (2013=100),2026-03,137.09,1.13,137.57,1.22,134.37,135.95
2025-09,september 2025,2025-09-02,Index (2013=100),2026-04,136.71,1.69,137.18,1.79,134.61,135.95
2025-09,september 2025,2025-09-02,Index (2013=100),2026-05,136.75,1.88,137.2,1.98,134.6,135.95
2025-09,september 2025,2025-09-02,Index (2013=100),2026-06,136.88,1.62,137.35,1.71,134.58,135.95
2025-09,september 2025,2025-09-02,Index (2013=100),2026-07,137.18,1.34,137.64,1.5,134.6,135.95
2025-09,september 2025,2025-09-02,Index (2013=100),2026-08,137.21,1.37,137.69,1.51,134.72,135.95
2025-09,september 2025,2025-09-02,Index (2013=100),2026-09,137.02,1.59,137.49,1.7,134.79,135.95
2025-09,september 2025,2025-09-02,Index (2013=100),2026-10,137.34,1.4,137.8,1.48,134.9,135.95
2025-09,september 2025,2025-09-02,Index (2013=100),2026-11,137.45,1.43,137.96,1.52,134.98,135.95
2025-09,september 2025,2025-09-02,Index (2013=100),2026-12,137.76,1.44,138.27,1.51,135.12,135.95
2025-10,oktober 2025,2025-10-07,Index (2013=100),2025-01,135.39,4.08,135.52,4.09,131.18,130.67
2025-10,oktober 2025,2025-10-07,Index (2013=100),2025-02,135.66,3.55,135.79,3.7,131.87,133.28
2025-10,oktober 2025,2025-10-07,Index (2013=100),2025-03,135.56,2.91,135.91,3.16,132.53,133.28
2025-10,oktober 2025,2025-10-07,Index (2013=100),2025-04,134.44,2.55,134.77,3.0,132.79,133.28
2025-10,oktober 2025,2025-10-07,Index (2013=100),2025-05,134.23,2.01,134.54,2.37,132.55,133.28
2025-10,oktober 2025,2025-10-07,Index (2013=100),2025-06,134.7,2.15,135.04,2.37,132.36,133.28
2025-10,oktober 2025,2025-10-07,Index (2013=100),2025-07,135.36,1.92,135.6,2.08,132.29,133.28
2025-10,oktober 2025,2025-10-07,Index (2013=100),2025-08,135.35,1.91,135.64,2.03,132.5,133.28
2025-10,oktober 2025,2025-10-07,Index (2013=100),2025-09,134.95,2.12,135.26,2.15,132.68,133.28
2025-10,oktober 2025,2025-10-07,Index (2013=100),2025-10,135.6,2.12,135.95,2.25,132.9,133.28
2025-10,oktober 2025,2025-10-07,Index (2013=100),2025-11,135.7,2.02,136.08,2.15,133.02,133.28
2025-10,oktober 2025,2025-10-07,Index (2013=100),2025-12,135.88,1.75,136.28,1.91,133.17,133.28
2025-10,oktober 2025,2025-10-07,Index (2013=100),2026-01,136.95,1.15,137.31,1.32,133.68,133.28
2025-10,oktober 2025,2025-10-07,Index (2013=100),2026-02,137.07,1.04,137.5,1.26,134.06,135.95
2025-10,oktober 2025,2025-10-07,Index (2013=100),2026-03,137.17,1.19,137.65,1.28,134.44,135.95
2025-10,oktober 2025,2025-10-07,Index (2013=100),2026-04,136.78,1.74,137.26,1.85,134.68,135.95
2025-10,oktober 2025,2025-10-07,Index (2013=100),2026-05,136.82,1.93,137.28,2.04,134.67,135.95
2025-10,oktober 2025,2025-10-07,Index (2013=100),2026-06,136.95,1.67,137.43,1.77,134.66,135.95
2025-10,oktober 2025,2025-10-07,Index (2013=100),2026-07,137.25,1.4,137.72,1.56,134.67,135.95
2025-10,oktober 2025,2025-10-07,Index (2013=100),2026-08,137.28,1.43,137.77,1.57,134.8,135.95
2025-10,oktober 2025,2025-10-07,Index (2013=100),2026-09,137.07,1.57,137.53,1.68,134.86,135.95
2025-10,oktober 2025,2025-10-07,Index (2013=100),2026-10,137.62,1.49,138.11,1.59,135.03,135.95
2025-10,oktober 2025,2025-10-07,Index (2013=100),2026-11,137.69,1.47,138.22,1.57,135.15,135.95
2025-10,oktober 2025,2025-10-07,Index (2013=100),2026-12,137.89,1.48,138.42,1.57,135.31,135.95
2025-11,november 2025,2025-11-04,Index (2013=100),2025-01,135.39,4.08,135.52,4.09,131.18,130.67
2025-11,november 2025,2025-11-04,Index (2013=100),2025-02,135.66,3.55,135.79,3.7,131.87,133.28
2025-11,november 2025,2025-11-04,Index (2013=100),2025-03,135.56,2.91,135.91,3.16,132.53,133.28
2025-11,november 2025,2025-11-04,Index (2013=100),2025-04,134.44,2.55,134.77,3.0,132.79,133.28
2025-11,november 2025,2025-11-04,Index (2013=100),2025-05,134.23,2.01,134.54,2.37,132.55,133.28
2025-11,november 2025,2025-11-04,Index (2013=100),2025-06,134.7,2.15,135.04,2.37,132.36,133.28
2025-11,november 2025,2025-11-04,Index (2013=100),2025-07,135.36,1.92,135.6,2.08,132.29,133.28
2025-11,november 2025,2025-11-04,Index (2013=100),2025-08,135.35,1.91,135.64,2.03,132.5,133.28
2025-11,november 2025,2025-11-04,Index (2013=100),2025-09,134.95,2.12,135.26,2.15,132.68,133.28
2025-11,november 2025,2025-11-04,Index (2013=100),2025-10,135.44,2.0,135.76,2.11,132.85,133.28
2025-11,november 2025,2025-11-04,Index (2013=100),2025-11,135.84,2.13,136.23,2.26,133.01,133.28
2025-11,november 2025,2025-11-04,Index (2013=100),2025-12,136.07,1.89,136.45,2.03,133.21,133.28
2025-11,november 2025,2025-11-04,Index (2013=100),2026-01,137.07,1.24,137.4,1.39,133.73,133.28
2025-11,november 2025,2025-11-04,Index (2013=100),2026-02,137.18,1.12,137.57,1.31,134.17,135.95
2025-11,november 2025,2025-11-04,Index (2013=100),2026-03,137.27,1.26,137.72,1.33,134.54,135.95
2025-11,november 2025,2025-11-04,Index (2013=100),2026-04,136.88,1.81,137.33,1.9,134.75,135.95
2025-11,november 2025,2025-11-04,Index (2013=100),2026-05,136.91,2.0,137.35,2.09,134.74,135.95
2025-11,november 2025,2025-11-04,Index (2013=100),2026-06,137.04,1.74,137.5,1.82,134.73,135.95
2025-11,november 2025,2025-11-04,Index (2013=100),2026-07,137.34,1.46,137.79,1.62,134.74,135.95
2025-11,november 2025,2025-11-04,Index (2013=100),2026-08,137.31,1.45,137.78,1.58,134.85,135.95
2025-11,november 2025,2025-11-04,Index (2013=100),2026-09,137.12,1.61,137.55,1.69,134.9,135.95
2025-11,november 2025,2025-11-04,Index (2013=100),2026-10,137.42,1.46,137.88,1.56,135.0,135.95
2025-11,november 2025,2025-11-04,Index (2013=100),2026-11,137.8,1.44,138.31,1.53,135.12,135.95
2025-11,november 2025,2025-11-04,Index (2013=100),2026-12,138.01,1.43,138.52,1.52,135.3,135.95
2025-12,december 2025,2025-12-02,Index (2013=100),2025-01,135.39,4.08,135.52,4.09,131.18,130.67
2025-12,december 2025,2025-12-02,Index (2013=100),2025-02,135.66,3.55,135.79,3.7,131.87,133.28
2025-12,december 2025,2025-12-02,Index (2013=100),2025-03,135.56,2.91,135.91,3.16,132.53,133.28
2025-12,december 2025,2025-12-02,Index (2013=100),2025-04,134.44,2.55,134.77,3.0,132.79,133.28
2025-12,december 2025,2025-12-02,Index (2013=100),2025-05,134.23,2.01,134.54,2.37,132.55,133.28
2025-12,december 2025,2025-12-02,Index (2013=100),2025-06,134.7,2.15,135.04,2.37,132.36,133.28
2025-12,december 2025,2025-12-02,Index (2013=100),2025-07,135.36,1.92,135.6,2.08,132.29,133.28
2025-12,december 2025,2025-12-02,Index (2013=100),2025-08,135.35,1.91,135.64,2.03,132.5,133.28
2025-12,december 2025,2025-12-02,Index (2013=100),2025-09,134.95,2.12,135.26,2.15,132.68,133.28
2025-12,december 2025,2025-12-02,Index (2013=100),2025-10,135.44,2.0,135.76,2.11,132.85,133.28
2025-12,december 2025,2025-12-02,Index (2013=100),2025-11,136.2,2.4,136.49,2.45,133.07,133.28
2025-12,december 2025,2025-12-02,Index (2013=100),2025-12,136.31,2.07,136.62,2.16,133.31,133.28
2025-12,december 2025,2025-12-02,Index (2013=100),2026-01,137.33,1.43,137.58,1.52,133.88,135.95
2025-12,december 2025,2025-12-02,Index (2013=100),2026-02,137.4,1.28,137.72,1.42,134.36,135.95
2025-12,december 2025,2025-12-02,Index (2013=100),2026-03,137.45,1.39,137.81,1.4,134.68,135.95
2025-12,december 2025,2025-12-02,Index (2013=100),2026-04,137.06,1.95,137.43,1.97,134.88,135.95
2025-12,december 2025,2025-12-02,Index (2013=100),2026-05,137.1,2.14,137.45,2.16,134.85,135.95
2025-12,december 2025,2025-12-02,Index (2013=100),2026-06,137.23,1.88,137.6,1.9,134.82,135.95
2025-12,december 2025,2025-12-02,Index (2013=100),2026-07,137.52,1.6,137.89,1.69,134.84,135.95
2025-12,december 2025,2025-12-02,Index (2013=100),2026-08,137.64,1.69,138.03,1.76,134.99,135.95
2025-12,december 2025,2025-12-02,Index (2013=100),2026-09,137.55,1.93,137.92,1.97,135.1,135.95
2025-12,december 2025,2025-12-02,Index (2013=100),2026-10,137.87,1.79,138.26,1.84,135.26,135.95
2025-12,december 2025,2025-12-02,Index (2013=100),2026-11,138.13,1.42,138.55,1.51,135.43,135.95
2025-12,december 2025,2025-12-02,Index (2013=100),2026-12,138.31,1.47,138.74,1.55,135.6,135.95
2026-01,januari 2026,2026-01-06,Index (2013=100),2025-01,135.39,4.08,135.52,4.09,131.18,130.67
2026-01,januari 2026,2026-01-06,Index (2013=100),2025-02,135.66,3.55,135.79,3.7,131.87,133.28
2026-01,januari 2026,2026-01-06,Index (2013=100),2025-03,135.56,2.91,135.91,3.16,132.53,133.28
2026-01,januari 2026,2026-01-06,Index (2013=100),2025-04,134.44,2.55,134.77,3.0,132.79,133.28
2026-01,januari 2026,2026-01-06,Index (2013=100),2025-05,134.23,2.01,134.54,2.37,132.55,133.28
2026-01,januari 2026,2026-01-06,Index (2013=100),2025-06,134.7,2.15,135.04,2.37,132.36,133.28
2026-01,januari 2026,2026-01-06,Index (2013=100),2025-07,135.36,1.92,135.6,2.08,132.29,133.28
2026-01,januari 2026,2026-01-06,Index (2013=100),2025-08,135.35,1.91,135.64,2.03,132.5,133.28
2026-01,januari 2026,2026-01-06,Index (2013=100),2025-09,134.95,2.12,135.26,2.15,132.68,133.28
2026-01,januari 2026,2026-01-06,Index (2013=100),2025-10,135.44,2.0,135.76,2.11,132.85,133.28
2026-01,januari 2026,2026-01-06,Index (2013=100),2025-11,136.2,2.4,136.49,2.45,133.07,133.28
2026-01,januari 2026,2026-01-06,Index (2013=100),2025-12,136.29,2.06,136.69,2.21,133.33,133.28
2026-01,januari 2026,2026-01-06,Index (2013=100),2026-01,137.21,1.34,137.55,1.5,133.89,135.95
2026-01,januari 2026,2026-01-06,Index (2013=100),2026-02,137.22,1.15,137.64,1.36,134.35,135.95
2026-01,januari 2026,2026-01-06,Index (2013=100),2026-03,137.58,1.49,138.07,1.59,134.74,135.95
2026-01,januari 2026,2026-01-06,Index (2013=100),2026-04,137.24,2.08,137.72,2.19,134.99,135.95
2026-01,januari 2026,2026-01-06,Index (2013=100),2026-05,137.3,2.29,137.77,2.4,135.04,135.95
2026-01,januari 2026,2026-01-06,Index (2013=100),2026-06,137.45,2.04,137.94,2.15,135.12,135.95
2026-01,januari 2026,2026-01-06,Index (2013=100),2026-07,137.79,1.8,138.27,1.97,135.17,135.95
2026-01,januari 2026,2026-01-06,Index (2013=100),2026-08,137.9,1.88,138.4,2.03,135.33,135.95
2026-01,januari 2026,2026-01-06,Index (2013=100),2026-09,137.8,2.11,138.28,2.23,135.46,135.95
2026-01,januari 2026,2026-01-06,Index (2013=100),2026-10,138.2,2.04,138.71,2.17,135.65,135.95
2026-01,januari 2026,2026-01-06,Index (2013=100),2026-11,138.46,1.66,139.0,1.84,135.83,135.95
2026-01,januari 2026,2026-01-06,Index (2013=100),2026-12,138.64,1.72,139.22,1.85,136.03,135.95
2026-02,februari 2026,2026-02-03,Index (2025=100),2026-01,101.17,1.1,101.33,1.37,98.73,100.28
2026-02,februari 2026,2026-02-03,Index (2025=100),2026-02,101.55,1.28,101.72,1.56,99.11,100.28
2026-02,februari 2026,2026-02-03,Index (2025=100),2026-03,102.04,1.85,102.26,2.0,99.5,100.28
2026-02,februari 2026,2026-02-03,Index (2025=100),2026-04,101.68,2.33,101.9,2.5,99.77,100.28
2026-02,februari 2026,2026-02-03,Index (2025=100),2026-05,101.67,2.48,101.88,2.66,99.9,100.28
2026-02,februari 2026,2026-02-03,Index (2025=100),2026-06,101.79,2.24,102.02,2.42,99.97,100.28
2026-02,februari 2026,2026-02-03,Index (2025=100),2026-07,102.02,1.98,102.25,2.23,99.97,100.28
2026-02,februari 2026,2026-02-03,Index (2025=100),2026-08,102.1,2.06,102.34,2.29,100.08,100.28
2026-02,februari 2026,2026-02-03,Index (2025=100),2026-09,101.94,2.21,102.16,2.4,100.15,100.28
2026-02,februari 2026,2026-02-03,Index (2025=100),2026-10,102.24,2.14,102.47,2.33,100.26,100.28
2026-02,februari 2026,2026-02-03,Index (2025=100),2026-11,102.34,1.66,102.59,1.9,100.34,100.28
2026-02,februari 2026,2026-02-03,Index (2025=100),2026-12,102.46,1.72,102.73,1.89,100.44,102.29
2026-02,februari 2026,2026-02-03,Index (2025=100),2027-01,103.12,1.93,103.37,2.01,100.73,102.29
2026-02,februari 2026,2026-02-03,Index (2025=100),2027-02,103.31,1.73,103.56,1.81,101.0,102.29
2026-02,februari 2026,2026-02-03,Index (2025=100),2027-03,103.44,1.37,103.72,1.43,101.28,102.29
2026-02,februari 2026,2026-02-03,Index (2025=100),2027-04,103.28,1.57,103.56,1.63,101.48,102.29
2026-02,februari 2026,2026-02-03,Index (2025=100),2027-05,103.3,1.6,103.56,1.65,101.53,102.29
2026-02,februari 2026,2026-02-03,Index (2025=100),2027-06,103.36,1.54,103.63,1.58,101.55,102.29
2026-02,februari 2026,2026-02-03,Index (2025=100),2027-07,103.58,1.53,103.85,1.56,101.58,102.29
2026-02,februari 2026,2026-02-03,Index (2025=100),2027-08,103.67,1.54,103.95,1.57,101.67,102.29
2026-02,februari 2026,2026-02-03,Index (2025=100),2027-09,103.6,1.63,103.87,1.67,101.75,102.29
2026-02,februari 2026,2026-02-03,Index (2025=100),2027-10,103.9,1.62,104.18,1.67,101.88,102.29
2026-02,februari 2026,2026-02-03,Index (2025=100),2027-11,104.03,1.65,104.32,1.69,102.0,102.29
2026-02,februari 2026,2026-02-03,Index (2025=100),2027-12,104.16,1.66,104.47,1.69,102.13,102.29
2026-03,maart 2026,2026-03-10,Index (2025=100),2026-01,101.17070714709001,1.1,101.33424894501123,1.37,98.73,100.28
2026-03,maart 2026,2026-03-10,Index (2025=100),2026-02,101.71811143865001,1.44,101.84079825876286,1.68,99.15,100.28
2026-03,maart 2026,2026-03-10,Index (2025=100),2026-03,102.150503177261,1.96,102.13639989625145,1.88,99.5,100.28
2026-03,maart 2026,2026-03-10,Index (2025=100),2026-04,102.22438438542086,2.88,102.18351421875892,2.79,99.84,100.28
2026-03,maart 2026,2026-03-10,Index (2025=100),2026-05,102.41389729975943,3.23,102.3305443855894,3.11,100.08,100.28
2026-03,maart 2026,2026-03-10,Index (2025=100),2026-06,102.55989011844171,3.01,102.55483868885781,2.96,100.26,100.28
2026-03,maart 2026,2026-03-10,Index (2025=100),2026-07,102.9305996123558,2.89,102.97770791181757,2.96,100.46,100.28
2026-03,maart 2026,2026-03-10,Index (2025=100),2026-08,102.99601293638861,2.95,103.08697274202396,3.04,100.68,102.29
2026-03,maart 2026,2026-03-10,Index (2025=100),2026-09,102.91710764231763,3.19,103.01711657174377,3.25,100.85,102.29
2026-03,maart 2026,2026-03-10,Index (2025=100),2026-10,103.2662158101571,3.16,103.40252156667917,3.26,101.06,102.29
2026-03,maart 2026,2026-03-10,Index (2025=100),2026-11,103.38093886433053,2.69,103.54640602429156,2.85,101.2,102.29
2026-03,maart 2026,2026-03-10,Index (2025=100),2026-12,103.49643894370902,2.75,103.69406518999594,2.85,101.35,102.29
2026-03,maart 2026,2026-03-10,Index (2025=100),2027-01,103.96508457032539,2.76,104.13559981800384,2.76,101.62,102.29
2026-03,maart 2026,2026-03-10,Index (2025=100),2027-02,104.06968565924171,2.31,104.25084678849807,2.37,101.83,102.29
2026-03,maart 2026,2026-03-10,Index (2025=100),2027-03,104.16696552398345,1.97,104.37414221097043,2.19,102.03,102.29
2026-03,maart 2026,2026-03-10,Index (2025=100),2027-04,103.96709181173438,1.7,104.18019443275871,1.95,102.15,102.29
2026-03,maart 2026,2026-03-10,Index (2025=100),2027-05,103.96721503883953,1.52,104.17087089922207,1.8,102.16,102.29
2026-03,maart 2026,2026-03-10,Index (2025=100),2027-06,104.09813426253393,1.5,104.321088571925,1.72,102.18,102.29
2026-03,maart 2026,2026-03-10,Index (2025=100),2027-07,104.34604549303486,1.38,104.56817873327982,1.54,102.22,102.29
2026-03,maart 2026,2026-03-10,Index (2025=100),2027-08,104.51157749350018,1.47,104.75179495898655,1.61,102.36,102.29
2026-03,maart 2026,2026-03-10,Index (2025=100),2027-09,104.49301317063458,1.53,104.72392242838525,1.66,102.5,104.34
2026-03,maart 2026,2026-03-10,Index (2025=100),2027-10,104.82583468617588,1.51,105.07631662076874,1.62,102.68,104.34
2026-03,maart 2026,2026-03-10,Index (2025=100),2027-11,104.98990186159874,1.56,105.26103675564964,1.66,102.85,104.34
2026-03,maart 2026,2026-03-10,Index (2025=100),2027-12,105.11504596781273,1.56,105.41006125277453,1.65,103.02,104.34
2026-04,april 2026,2026-04-07,Index (2025=100),2026-01,101.17,1.1,101.33,1.37,98.73,100.28
2026-04,april 2026,2026-04-07,Index (2025=100),2026-02,101.72,1.45,101.84,1.68,99.14,100.28
2026-04,april 2026,2026-04-07,Index (2025=100),2026-03,101.84,1.65,101.63,1.38,99.38,100.28
2026-04,april 2026,2026-04-07,Index (2025=100),2026-04,102.5,3.16,102.01,2.62,99.67,100.28
2026-04,april 2026,2026-04-07,Index (2025=100),2026-05,102.85,3.67,102.25,3.03,99.89,100.28
2026-04,april 2026,2026-04-07,Index (2025=100),2026-06,103.08,3.54,102.71,3.11,100.11,100.28
2026-04,april 2026,2026-04-07,Index (2025=100),2026-07,103.55,3.51,103.31,3.29,100.52,100.28
2026-04,april 2026,2026-04-07,Index (2025=100),2026-08,103.66,3.62,103.52,3.47,100.89,102.29
2026-04,april 2026,2026-04-07,Index (2025=100),2026-09,103.52,3.79,103.42,3.66,101.18,102.29
2026-04,april 2026,2026-04-07,Index (2025=100),2026-10,104.24,4.14,104.21,4.06,101.54,102.29
2026-04,april 2026,2026-04-07,Index (2025=100),2026-11,104.79,4.09,104.82,4.11,101.91,102.29
2026-04,april 2026,2026-04-07,Index (2025=100),2026-12,105.09,4.33,105.17,4.31,102.32,102.29
2026-04,april 2026,2026-04-07,Index (2025=100),2027-01,105.65,4.43,105.72,4.33,102.88,104.34
2026-04,april 2026,2026-04-07,Index (2025=100),2027-02,105.94,4.15,106.03,4.11,103.33,104.34
2026-04,april 2026,2026-04-07,Index (2025=100),2027-03,105.86,3.95,106.02,4.32,103.62,104.34
2026-04,april 2026,2026-04-07,Index (2025=100),2027-04,105.54,2.97,105.65,3.57,103.74,104.34
2026-04,april 2026,2026-04-07,Index (2025=100),2027-05,105.51,2.59,105.61,3.29,103.71,104.34
2026-04,april 2026,2026-04-07,Index (2025=100),2027-06,105.77,2.61,105.9,3.11,103.68,104.34
2026-04,april 2026,2026-04-07,Index (2025=100),2027-07,106.11,2.47,106.24,2.84,103.73,104.34
2026-04,april 2026,2026-04-07,Index (2025=100),2027-08,106.22,2.47,106.37,2.75,103.91,104.34
2026-04,april 2026,2026-04-07,Index (2025=100),2027-09,105.98,2.38,106.11,2.6,104.03,104.34
2026-04,april 2026,2026-04-07,Index (2025=100),2027-10,106.51,2.18,106.67,2.36,104.22,104.34
2026-04,april 2026,2026-04-07,Index (2025=100),2027-11,107.03,2.14,107.23,2.3,104.46,104.34
2026-04,april 2026,2026-04-07,Index (2025=100),2027-12,107.21,2.02,107.44,2.16,104.73,106.43
2026-05,mei 2026,2026-05-05,Index (2025=100),2026-01,101.17,1.1,101.33,1.37,98.73,100.28
2026-05,mei 2026,2026-05-05,Index (2025=100),2026-02,101.72,1.45,101.84,1.68,99.14,100.28
2026-05,mei 2026,2026-05-05,Index (2025=100),2026-03,101.84,1.65,101.63,1.38,99.38,100.28
2026-05,mei 2026,2026-05-05,Index (2025=100),2026-04,103.34,4.01,102.77,3.38,99.85,100.28
2026-05,mei 2026,2026-05-05,Index (2025=100),2026-05,103.21,4.03,102.61,3.4,100.17,100.28
2026-05,mei 2026,2026-05-05,Index (2025=100),2026-06,103.57,4.03,103.07,3.47,100.47,100.28
2026-05,mei 2026,2026-05-05,Index (2025=100),2026-07,103.96,3.92,103.58,3.56,100.95,102.29
2026-05,mei 2026,2026-05-05,Index (2025=100),2026-08,104.06,4.02,103.78,3.73,101.19,102.29
2026-05,mei 2026,2026-05-05,Index (2025=100),2026-09,103.86,4.13,103.6,3.84,101.44,102.29
2026-05,mei 2026,2026-05-05,Index (2025=100),2026-10,104.46,4.36,104.28,4.13,101.73,102.29
2026-05,mei 2026,2026-05-05,Index (2025=100),2026-11,105.0,4.3,104.89,4.18,102.05,102.29
2026-05,mei 2026,2026-05-05,Index (2025=100),2026-12,105.26,4.5,105.21,4.35,102.41,102.29
2026-05,mei 2026,2026-05-05,Index (2025=100),2027-01,105.79,4.57,105.72,4.33,102.92,104.34
2026-05,mei 2026,2026-05-05,Index (2025=100),2027-02,106.08,4.29,106.03,4.11,103.35,104.34
2026-05,mei 2026,2026-05-05,Index (2025=100),2027-03,106.0,4.08,106.03,4.33,103.63,104.34
2026-05,mei 2026,2026-05-05,Index (2025=100),2027-04,106.24,2.81,106.26,3.4,103.89,104.34
2026-05,mei 2026,2026-05-05,Index (2025=100),2027-05,106.1,2.8,106.1,3.4,103.98,104.34
2026-05,mei 2026,2026-05-05,Index (2025=100),2027-06,106.37,2.7,106.41,3.24,104.08,104.34
2026-05,mei 2026,2026-05-05,Index (2025=100),2027-07,106.69,2.63,106.73,3.04,104.25,104.34
2026-05,mei 2026,2026-05-05,Index (2025=100),2027-08,106.75,2.59,106.8,2.91,104.38,104.34
2026-05,mei 2026,2026-05-05,Index (2025=100),2027-09,106.49,2.53,106.53,2.83,104.49,106.43
2026-05,mei 2026,2026-05-05,Index (2025=100),2027-10,106.97,2.4,107.04,2.65,104.64,106.43
2026-05,mei 2026,2026-05-05,Index (2025=100),2027-11,107.47,2.35,107.57,2.56,104.85,106.43
2026-05,mei 2026,2026-05-05,Index (2025=100),2027-12,107.62,2.24,107.76,2.42,105.08,106.43
